-- MariaDB dump 10.19  Distrib 10.5.13-MariaDB, for debian-linux-gnu (x86_64)
--
-- Host: 192.168.56.113    Database: bdnotasv2
-- ------------------------------------------------------
-- Server version	10.6.4-MariaDB-1:10.6.4+maria~focal

/*!40101 SET @OLD_CHARACTER_SET_CLIENT=@@CHARACTER_SET_CLIENT */;
/*!40101 SET @OLD_CHARACTER_SET_RESULTS=@@CHARACTER_SET_RESULTS */;
/*!40101 SET @OLD_COLLATION_CONNECTION=@@COLLATION_CONNECTION */;
/*!40101 SET NAMES utf8 */;
/*!40103 SET @OLD_TIME_ZONE=@@TIME_ZONE */;
/*!40103 SET TIME_ZONE='+00:00' */;
/*!40014 SET @OLD_UNIQUE_CHECKS=@@UNIQUE_CHECKS, UNIQUE_CHECKS=0 */;
/*!40014 SET @OLD_FOREIGN_KEY_CHECKS=@@FOREIGN_KEY_CHECKS, FOREIGN_KEY_CHECKS=0 */;
/*!40101 SET @OLD_SQL_MODE=@@SQL_MODE, SQL_MODE='NO_AUTO_VALUE_ON_ZERO' */;
/*!40111 SET @OLD_SQL_NOTES=@@SQL_NOTES, SQL_NOTES=0 */;

DROP DATABASE IF EXISTS bdnotasv2;
CREATE DATABASE IF NOT EXISTS bdnotasv2;
USE bdnotasv2;

--
-- Table structure for table `alumno`
--

DROP TABLE IF EXISTS `alumno`;
/*!40101 SET @saved_cs_client     = @@character_set_client */;
/*!40101 SET character_set_client = utf8 */;
CREATE TABLE `alumno` (
  `exped` int(11) NOT NULL,
  `nombre` varchar(30) DEFAULT NULL,
  PRIMARY KEY (`exped`)
) ENGINE=InnoDB DEFAULT CHARSET=utf8mb4;
/*!40101 SET character_set_client = @saved_cs_client */;

--
-- Dumping data for table `alumno`
--

LOCK TABLES `alumno` WRITE;
/*!40000 ALTER TABLE `alumno` DISABLE KEYS */;
INSERT INTO `alumno` VALUES (1001,'Moisés'),(1002,'Daniel'),(1003,'Victor'),(1004,'Oliver'),(1005,'Jorge'),(1006,'Josep'),(1007,'Victor Jesus'),(1008,'Fernando'),(1009,'Jesus'),(1010,'Erián'),(1011,'Eric'),(1012,'Hector'),(1013,'Sergio'),(1014,'Josep'),(1015,'Jordi'),(1016,'Juan José'),(1017,'Rubén'),(1018,'Miguel'),(1019,'Miguel Angel'),(1020,'Manuel'),(1021,'Beatriz'),(1022,'Pablo'),(1023,'David'),(1024,'Ignacio'),(1025,'Juan José'),(1026,'Angel'),(1027,'Marc'),(1028,'Alex'),(1029,'Victor manuel'),(1030,'Arnau'),(1031,'Guzman'),(1032,'Fatima'),(1033,'Adrian'),(1034,'Iker'),(1035,'Victor'),(1036,'Javier'),(1037,'Amanda'),(1038,'Samuel'),(1039,'Alejandro'),(1040,'Manuel'),(1041,'Javier'),(1042,'Adrian'),(1043,'Pablo'),(1044,'Ruben'),(1045,'Andres'),(1046,'Antonio'),(1047,'Alejandro'),(1048,'Cesar');
/*!40000 ALTER TABLE `alumno` ENABLE KEYS */;
UNLOCK TABLES;

--
-- Table structure for table `alumno19`
--

DROP TABLE IF EXISTS `alumno19`;
/*!40101 SET @saved_cs_client     = @@character_set_client */;
/*!40101 SET character_set_client = utf8 */;
CREATE TABLE `alumno19` (
  `exped` int(11) NOT NULL,
  `nombre` varchar(30) DEFAULT NULL,
  PRIMARY KEY (`exped`)
) ENGINE=InnoDB DEFAULT CHARSET=utf8mb4;
/*!40101 SET character_set_client = @saved_cs_client */;

--
-- Dumping data for table `alumno19`
--

LOCK TABLES `alumno19` WRITE;
/*!40000 ALTER TABLE `alumno19` DISABLE KEYS */;
INSERT INTO `alumno19` VALUES (1001,'Moisés'),(1002,'Daniel'),(1003,'Victor'),(1007,'Victor Jesus'),(1008,'Fernando'),(1010,'Erián'),(1011,'Eric'),(1013,'Sergio'),(1031,'Guzman'),(1032,'Fatima'),(1033,'Adrian'),(1034,'Iker'),(2006,'Carlos'),(2009,'Eva'),(2012,'Amparo'),(3004,'Luis'),(3005,'Pedro'),(4015,'Jose Luis'),(5014,'Juan');
/*!40000 ALTER TABLE `alumno19` ENABLE KEYS */;
UNLOCK TABLES;

--
-- Table structure for table `alumno20`
--

DROP TABLE IF EXISTS `alumno20`;
/*!40101 SET @saved_cs_client     = @@character_set_client */;
/*!40101 SET character_set_client = utf8 */;
CREATE TABLE `alumno20` (
  `exped` int(11) NOT NULL,
  `nombre` varchar(30) DEFAULT NULL,
  PRIMARY KEY (`exped`)
) ENGINE=InnoDB DEFAULT CHARSET=utf8mb4;
/*!40101 SET character_set_client = @saved_cs_client */;

--
-- Dumping data for table `alumno20`
--

LOCK TABLES `alumno20` WRITE;
/*!40000 ALTER TABLE `alumno20` DISABLE KEYS */;
INSERT INTO `alumno20` VALUES (1031,'Guzman'),(1032,'Fatima'),(1033,'Adrian'),(1034,'Iker'),(1035,'Victor'),(1036,'Javier'),(1037,'Amanda'),(1038,'Samuel');
/*!40000 ALTER TABLE `alumno20` ENABLE KEYS */;
UNLOCK TABLES;

--
-- Table structure for table `asignatura`
--

DROP TABLE IF EXISTS `asignatura`;
/*!40101 SET @saved_cs_client     = @@character_set_client */;
/*!40101 SET character_set_client = utf8 */;
CREATE TABLE `asignatura` (
  `cod` char(3) NOT NULL,
  `nombre` varchar(40) DEFAULT NULL,
  `horas` smallint(5) unsigned DEFAULT NULL,
  PRIMARY KEY (`cod`)
) ENGINE=InnoDB DEFAULT CHARSET=utf8mb4;
/*!40101 SET character_set_client = @saved_cs_client */;

--
-- Dumping data for table `asignatura`
--

LOCK TABLES `asignatura` WRITE;
/*!40000 ALTER TABLE `asignatura` DISABLE KEYS */;
INSERT INTO `asignatura` VALUES ('BD','Bases de Datos',160),('ED','Entornos de desarrollo',96),('FOL','Formación y orientación laboral',96),('ING','Inglés',96),('LM','Lenguajes de marcas',96),('PRO','Programación',256),('SI','Sistemas informáticos',96);
/*!40000 ALTER TABLE `asignatura` ENABLE KEYS */;
UNLOCK TABLES;

--
-- Table structure for table `matricular`
--

DROP TABLE IF EXISTS `matricular`;
/*!40101 SET @saved_cs_client     = @@character_set_client */;
/*!40101 SET character_set_client = utf8 */;
CREATE TABLE `matricular` (
  `alumno` int(11) NOT NULL,
  `asignatura` char(3) NOT NULL,
  PRIMARY KEY (`alumno`,`asignatura`),
  KEY `asignatura` (`asignatura`),
  CONSTRAINT `matricular_ibfk_1` FOREIGN KEY (`alumno`) REFERENCES `alumno` (`exped`) ON DELETE CASCADE ON UPDATE CASCADE,
  CONSTRAINT `matricular_ibfk_2` FOREIGN KEY (`asignatura`) REFERENCES `asignatura` (`cod`) ON DELETE CASCADE ON UPDATE CASCADE
) ENGINE=InnoDB DEFAULT CHARSET=utf8mb4;
/*!40101 SET character_set_client = @saved_cs_client */;

--
-- Dumping data for table `matricular`
--

LOCK TABLES `matricular` WRITE;
/*!40000 ALTER TABLE `matricular` DISABLE KEYS */;
INSERT INTO `matricular` VALUES (1001,'BD'),(1001,'ED'),(1001,'FOL'),(1001,'ING'),(1001,'LM'),(1001,'PRO'),(1001,'SI'),(1002,'BD'),(1002,'ED'),(1002,'ING'),(1002,'LM'),(1002,'PRO'),(1002,'SI'),(1003,'BD'),(1003,'ED'),(1003,'ING'),(1003,'LM'),(1003,'PRO'),(1003,'SI'),(1004,'BD'),(1004,'ED'),(1004,'FOL'),(1004,'ING'),(1004,'LM'),(1004,'PRO'),(1004,'SI'),(1005,'BD'),(1005,'ED'),(1005,'FOL'),(1005,'ING'),(1005,'LM'),(1005,'PRO'),(1005,'SI'),(1006,'BD'),(1006,'ED'),(1006,'FOL'),(1006,'ING'),(1006,'LM'),(1006,'PRO'),(1006,'SI'),(1007,'BD'),(1007,'ED'),(1007,'ING'),(1007,'LM'),(1007,'PRO'),(1007,'SI'),(1008,'BD'),(1008,'ED'),(1008,'FOL'),(1008,'ING'),(1008,'LM'),(1008,'PRO'),(1008,'SI'),(1009,'BD'),(1009,'ED'),(1009,'FOL'),(1009,'ING'),(1009,'LM'),(1009,'PRO'),(1009,'SI'),(1010,'BD'),(1010,'ED'),(1010,'FOL'),(1010,'ING'),(1010,'LM'),(1010,'SI'),(1012,'BD'),(1012,'ED'),(1012,'FOL'),(1012,'ING'),(1012,'LM'),(1012,'SI'),(1013,'BD'),(1013,'ED'),(1013,'FOL'),(1013,'ING'),(1013,'LM'),(1013,'PRO'),(1013,'SI'),(1014,'BD'),(1014,'ED'),(1014,'FOL'),(1014,'ING'),(1014,'LM'),(1014,'PRO'),(1014,'SI'),(1015,'BD'),(1015,'ED'),(1015,'FOL'),(1015,'ING'),(1015,'LM'),(1015,'SI'),(1016,'ED'),(1016,'FOL'),(1016,'ING'),(1016,'LM'),(1016,'PRO'),(1016,'SI'),(1017,'BD'),(1017,'ED'),(1017,'FOL'),(1017,'ING'),(1017,'LM'),(1017,'PRO'),(1017,'SI'),(1018,'BD'),(1018,'ED'),(1018,'FOL'),(1018,'ING'),(1018,'LM'),(1018,'PRO'),(1018,'SI'),(1019,'BD'),(1019,'ED'),(1019,'FOL'),(1019,'ING'),(1019,'LM'),(1019,'PRO'),(1019,'SI'),(1020,'BD'),(1020,'ED'),(1020,'FOL'),(1020,'ING'),(1020,'LM'),(1020,'PRO'),(1020,'SI'),(1021,'BD'),(1021,'ED'),(1021,'FOL'),(1021,'ING'),(1021,'LM'),(1021,'PRO'),(1021,'SI'),(1022,'BD'),(1022,'ED'),(1022,'FOL'),(1022,'ING'),(1022,'LM'),(1022,'PRO'),(1022,'SI'),(1023,'BD'),(1023,'ED'),(1023,'FOL'),(1023,'ING'),(1023,'LM'),(1023,'PRO'),(1023,'SI'),(1025,'BD'),(1025,'ED'),(1025,'FOL'),(1025,'ING'),(1025,'LM'),(1025,'PRO'),(1025,'SI'),(1026,'BD'),(1026,'ED'),(1026,'FOL'),(1026,'ING'),(1026,'LM'),(1026,'PRO'),(1026,'SI'),(1027,'BD'),(1027,'ED'),(1027,'FOL'),(1027,'ING'),(1027,'LM'),(1027,'PRO'),(1027,'SI'),(1028,'BD'),(1028,'ED'),(1028,'FOL'),(1028,'ING'),(1028,'LM'),(1028,'PRO'),(1028,'SI'),(1029,'BD'),(1029,'ED'),(1029,'FOL'),(1029,'ING'),(1029,'LM'),(1029,'PRO'),(1029,'SI'),(1030,'BD'),(1030,'ED'),(1030,'FOL'),(1030,'ING'),(1030,'LM'),(1030,'PRO'),(1030,'SI'),(1031,'BD'),(1031,'ED'),(1031,'FOL'),(1031,'ING'),(1031,'LM'),(1031,'PRO'),(1031,'SI'),(1032,'BD'),(1032,'ED'),(1032,'FOL'),(1032,'ING'),(1032,'LM'),(1032,'PRO'),(1032,'SI'),(1033,'BD'),(1033,'ED'),(1033,'FOL'),(1033,'ING'),(1033,'LM'),(1033,'PRO'),(1033,'SI'),(1034,'BD'),(1034,'ED'),(1034,'FOL'),(1034,'ING'),(1034,'LM'),(1034,'PRO'),(1034,'SI'),(1035,'BD'),(1035,'ED'),(1035,'FOL'),(1035,'ING'),(1035,'LM'),(1035,'PRO'),(1035,'SI'),(1036,'BD'),(1036,'ED'),(1036,'FOL'),(1036,'ING'),(1036,'LM'),(1036,'PRO'),(1036,'SI'),(1037,'BD'),(1037,'ED'),(1037,'FOL'),(1037,'ING'),(1037,'LM'),(1037,'PRO'),(1037,'SI'),(1038,'BD'),(1038,'ED'),(1038,'FOL'),(1038,'ING'),(1038,'LM'),(1038,'PRO'),(1038,'SI'),(1039,'BD'),(1039,'ED'),(1039,'FOL'),(1039,'ING'),(1039,'LM'),(1039,'PRO'),(1039,'SI'),(1040,'BD'),(1040,'ED'),(1040,'FOL'),(1040,'ING'),(1040,'LM'),(1040,'PRO'),(1040,'SI'),(1041,'BD'),(1041,'ED'),(1041,'FOL'),(1041,'ING'),(1041,'LM'),(1041,'PRO'),(1041,'SI'),(1042,'BD'),(1042,'ED'),(1042,'FOL'),(1042,'ING'),(1042,'LM'),(1042,'PRO'),(1042,'SI'),(1043,'BD'),(1043,'ED'),(1043,'FOL'),(1043,'ING'),(1043,'LM'),(1043,'PRO'),(1043,'SI'),(1044,'BD'),(1044,'ED'),(1044,'FOL'),(1044,'ING'),(1044,'LM'),(1044,'PRO'),(1044,'SI'),(1045,'BD'),(1045,'ED'),(1045,'FOL'),(1045,'ING'),(1045,'LM'),(1045,'PRO'),(1045,'SI'),(1046,'BD'),(1046,'ED'),(1046,'FOL'),(1046,'ING'),(1046,'LM'),(1046,'PRO'),(1046,'SI'),(1047,'BD'),(1047,'ED'),(1047,'FOL'),(1047,'ING'),(1047,'LM'),(1047,'PRO'),(1047,'SI'),(1048,'BD'),(1048,'ED'),(1048,'FOL'),(1048,'ING'),(1048,'LM'),(1048,'PRO'),(1048,'SI');
/*!40000 ALTER TABLE `matricular` ENABLE KEYS */;
UNLOCK TABLES;

--
-- Table structure for table `practica`
--

DROP TABLE IF EXISTS `practica`;
/*!40101 SET @saved_cs_client     = @@character_set_client */;
/*!40101 SET character_set_client = utf8 */;
CREATE TABLE `practica` (
  `cod` char(4) NOT NULL,
  `titulo` varchar(20) NOT NULL,
  `descrip` varchar(100) DEFAULT NULL,
  `dificultad` enum('Alta','Media','Baja') DEFAULT 'Media',
  `notamin` decimal(4,2) DEFAULT 5.00,
  `asignatura` char(3) DEFAULT NULL,
  `profesordisenya` int(11) DEFAULT NULL,
  PRIMARY KEY (`cod`),
  KEY `asignatura` (`asignatura`),
  KEY `profesordisenya` (`profesordisenya`),
  CONSTRAINT `practica_ibfk_1` FOREIGN KEY (`asignatura`) REFERENCES `asignatura` (`cod`) ON DELETE CASCADE ON UPDATE CASCADE,
  CONSTRAINT `practica_ibfk_2` FOREIGN KEY (`profesordisenya`) REFERENCES `profesor` (`cod`) ON DELETE SET NULL ON UPDATE CASCADE
) ENGINE=InnoDB DEFAULT CHARSET=utf8mb4;
/*!40101 SET character_set_client = @saved_cs_client */;

--
-- Dumping data for table `practica`
--

LOCK TABLES `practica` WRITE;
/*!40000 ALTER TABLE `practica` DISABLE KEYS */;
INSERT INTO `practica` VALUES ('p001','practica001','Descripcion practica001','Media',5.00,'SI',2),('p002','practica002',NULL,'Alta',7.00,'BD',6),('p003','practica003',NULL,'Media',5.00,'LM',2),('p004','practica004',NULL,'Media',5.00,'BD',9),('p005','practica005',NULL,'Alta',6.00,'ED',5),('p006','practica006',NULL,'Baja',4.00,'FOL',3),('p007','practica007','Descripcion practica007','Media',5.00,'FOL',3),('p008','practica008','Descripcion practica008','Alta',5.00,'BD',8),('p009','practica009','Descripcion practica009','Media',5.00,'SI',8),('p010','actividad010','Descripcion actividad010','Alta',5.00,'PRO',9),('p011','actividad011','Descripcion actividad011','Baja',5.00,'ED',6),('p012','actividad012','Descripcion actividad012','Alta',5.00,'ING',3),('p013','actividad013','Descripcion actividad013','Baja',5.00,'BD',3),('p014','actividad014','Descripcion actividad014','Media',6.00,'SI',8),('p015','actividad015','Descripcion actividad015','Baja',5.00,'BD',8),('p016','actividad016','Descripcion actividad016','Alta',5.00,'PRO',8),('p017','actividad017','Descripcion actividad017','Alta',5.00,'ING',4),('p018','actividad018',NULL,'Media',5.00,'SI',7),('p019','practica019',NULL,'Media',6.00,'PRO',7),('p020','practica020',NULL,'Baja',5.00,'BD',2),('p021','practica021',NULL,'Alta',5.00,'ED',4),('p022','practica022',NULL,'Baja',5.00,'ING',8),('p023','practica023','Descripcion practica023','Media',5.00,'LM',7),('p024','actividad024','Descripcion actividad024','Media',5.00,'ED',4),('p025','practica025','Descripcion practica025','Media',4.00,'LM',9),('p026','practica026',NULL,'Alta',5.00,'SI',3),('p027','practica027',NULL,'Baja',5.00,'FOL',8),('p028','practica028','Descripcion practica028','Media',7.00,'SI',2),('p029','actividad029',NULL,'Alta',5.00,'ED',7),('p030','actividad030',NULL,'Media',6.00,'FOL',5),('p031','actividad031','Descripcion actividad031','Alta',5.00,'ED',2),('p032','actividad032',NULL,'Media',5.00,'FOL',5),('p033','actividad033',NULL,'Media',5.00,'PRO',8),('p034','practica034',NULL,'Media',7.00,'PRO',5),('p035','practica035',NULL,'Alta',5.00,'SI',6),('p036','practica036','Descripcion practica036','Alta',5.00,'FOL',5),('p037','actividad037','Descripcion actividad037','Baja',4.00,'FOL',7),('p038','practica038',NULL,'Alta',5.00,'BD',3),('p039','practica039',NULL,'Media',5.00,'PRO',7),('p040','practica040','Descripcion practica040','Alta',4.00,'ING',8),('p041','practica041','Descripcion practica041','Alta',4.00,'SI',6),('p042','practica042','Descripcion practica042','Alta',5.00,'LM',9),('p043','practica043','Descripcion practica043','Baja',5.00,'ED',6),('p044','practica044',NULL,'Media',4.00,'ED',3),('p045','practica045',NULL,'Media',4.00,'PRO',3),('p046','practica046',NULL,'Media',5.00,'SI',4),('p047','practica047',NULL,'Alta',5.00,'ED',8),('p048','practica048',NULL,'Alta',5.00,'ED',9),('p049','practica049',NULL,'Media',5.00,'ING',3),('p050','practica050',NULL,'Baja',5.00,'BD',3);
/*!40000 ALTER TABLE `practica` ENABLE KEYS */;
UNLOCK TABLES;

--
-- Table structure for table `profesor`
--

DROP TABLE IF EXISTS `profesor`;
/*!40101 SET @saved_cs_client     = @@character_set_client */;
/*!40101 SET character_set_client = utf8 */;
CREATE TABLE `profesor` (
  `cod` int(11) NOT NULL AUTO_INCREMENT,
  `nombre` varchar(45) DEFAULT NULL,
  PRIMARY KEY (`cod`)
) ENGINE=InnoDB AUTO_INCREMENT=11 DEFAULT CHARSET=utf8mb4;
/*!40101 SET character_set_client = @saved_cs_client */;

--
-- Dumping data for table `profesor`
--

LOCK TABLES `profesor` WRITE;
/*!40000 ALTER TABLE `profesor` DISABLE KEYS */;
INSERT INTO `profesor` VALUES (1,'Alberto'),(2,'Sergio'),(3,'Luis'),(4,'Alex'),(5,'Empar'),(6,'Víctor'),(7,'Jordi'),(8,'Roberto'),(9,'Andrés'),(10,'Daniel');
/*!40000 ALTER TABLE `profesor` ENABLE KEYS */;
UNLOCK TABLES;

--
-- Table structure for table `realizar`
--

DROP TABLE IF EXISTS `realizar`;
/*!40101 SET @saved_cs_client     = @@character_set_client */;
/*!40101 SET character_set_client = utf8 */;
CREATE TABLE `realizar` (
  `alumno` int(11) NOT NULL,
  `practica` char(4) NOT NULL,
  `fecha` date NOT NULL,
  `nota` decimal(4,2) DEFAULT NULL,
  PRIMARY KEY (`alumno`,`practica`),
  KEY `practica` (`practica`),
  CONSTRAINT `realizar_ibfk_1` FOREIGN KEY (`alumno`) REFERENCES `alumno` (`exped`) ON UPDATE CASCADE,
  CONSTRAINT `realizar_ibfk_2` FOREIGN KEY (`practica`) REFERENCES `practica` (`cod`) ON UPDATE CASCADE
) ENGINE=InnoDB DEFAULT CHARSET=utf8mb4;
/*!40101 SET character_set_client = @saved_cs_client */;

--
-- Dumping data for table `realizar`
--

LOCK TABLES `realizar` WRITE;
/*!40000 ALTER TABLE `realizar` DISABLE KEYS */;
INSERT INTO `realizar` VALUES (1001,'p001','2021-10-23',3.05),(1001,'p002','2022-02-24',1.77),(1001,'p003','2021-12-25',7.41),(1001,'p004','2021-12-27',5.35),(1001,'p005','2021-12-12',5.09),(1001,'p006','2021-11-19',5.47),(1001,'p007','2021-11-01',3.57),(1001,'p008','2021-09-26',6.43),(1001,'p009','2022-01-13',3.24),(1001,'p010','2021-12-17',8.00),(1001,'p011','2022-01-17',10.00),(1001,'p012','2021-10-25',8.23),(1001,'p013','2021-11-15',10.00),(1001,'p014','2022-01-19',4.04),(1001,'p015','2021-09-30',0.25),(1001,'p016','2022-01-15',10.00),(1001,'p017','2021-10-13',5.79),(1001,'p018','2021-12-14',0.36),(1001,'p019','2022-02-24',3.51),(1001,'p020','2021-10-14',3.08),(1001,'p021','2022-01-03',8.15),(1001,'p022','2021-10-11',0.46),(1001,'p023','2021-12-25',10.00),(1001,'p024','2022-01-31',5.26),(1001,'p025','2021-12-30',9.10),(1001,'p026','2022-01-25',9.98),(1001,'p027','2021-10-23',3.00),(1001,'p028','2021-11-11',8.95),(1001,'p029','2021-11-20',7.98),(1001,'p030','2021-12-03',3.90),(1001,'p031','2022-03-03',4.53),(1001,'p032','2022-02-05',8.86),(1001,'p033','2021-10-02',5.87),(1001,'p034','2021-12-10',10.00),(1001,'p035','2021-10-07',1.69),(1001,'p036','2021-12-21',6.25),(1001,'p037','2022-02-06',0.44),(1001,'p038','2021-12-16',0.45),(1001,'p039','2021-10-14',1.34),(1001,'p040','2021-12-09',4.07),(1001,'p041','2021-10-30',3.43),(1001,'p042','2021-12-21',9.54),(1001,'p043','2022-02-23',0.99),(1001,'p044','2022-02-05',1.57),(1001,'p045','2021-11-02',9.49),(1001,'p046','2022-01-11',10.00),(1001,'p047','2021-09-26',10.00),(1001,'p048','2021-11-21',8.66),(1001,'p049','2022-03-03',9.92),(1001,'p050','2022-02-25',4.41),(1002,'p001','2021-10-12',7.26),(1002,'p002','2021-11-20',8.63),(1002,'p003','2022-02-23',3.17),(1002,'p004','2022-02-05',4.52),(1002,'p005','2021-11-03',4.49),(1002,'p006','2021-12-14',0.41),(1002,'p007','2022-01-15',5.97),(1002,'p008','2021-10-05',10.00),(1002,'p009','2021-12-09',8.49),(1002,'p010','2022-02-04',7.73),(1002,'p011','2021-10-21',4.22),(1002,'p012','2022-01-16',2.69),(1002,'p013','2021-12-03',1.02),(1002,'p014','2022-03-04',10.00),(1002,'p015','2022-02-02',9.88),(1002,'p016','2021-10-08',7.85),(1002,'p017','2021-10-03',1.99),(1002,'p018','2021-11-19',2.05),(1002,'p019','2021-12-23',2.89),(1002,'p020','2021-11-04',10.00),(1002,'p021','2021-12-03',6.96),(1002,'p022','2021-12-13',4.72),(1002,'p023','2021-12-15',6.65),(1002,'p024','2021-10-31',5.03),(1002,'p025','2021-10-07',1.77),(1002,'p026','2021-10-26',3.55),(1002,'p027','2021-10-16',6.02),(1002,'p028','2021-10-05',2.77),(1002,'p029','2021-11-18',1.48),(1002,'p030','2022-02-22',2.76),(1002,'p031','2022-02-28',9.97),(1002,'p032','2021-12-12',1.90),(1002,'p033','2021-10-30',3.64),(1002,'p034','2022-02-26',4.63),(1002,'p035','2021-09-28',5.18),(1002,'p036','2021-12-20',6.76),(1002,'p037','2021-11-12',4.39),(1002,'p038','2021-11-07',6.14),(1002,'p039','2021-10-04',4.16),(1002,'p040','2022-01-23',1.55),(1002,'p041','2022-01-30',1.36),(1002,'p042','2021-10-02',1.99),(1002,'p043','2022-01-20',1.08),(1002,'p044','2022-01-31',6.45),(1002,'p045','2022-02-28',6.03),(1002,'p046','2021-11-16',6.65),(1002,'p047','2021-10-01',9.48),(1002,'p048','2021-09-27',6.53),(1002,'p049','2021-12-16',8.32),(1002,'p050','2021-10-17',1.46),(1003,'p001','2021-11-28',0.49),(1003,'p002','2021-10-01',5.13),(1003,'p003','2022-01-22',4.70),(1003,'p004','2021-12-10',4.65),(1003,'p005','2021-11-02',6.55),(1003,'p006','2021-11-17',2.69),(1003,'p007','2021-10-27',4.32),(1003,'p008','2021-10-16',5.99),(1003,'p009','2022-01-21',0.17),(1003,'p010','2021-09-28',8.99),(1003,'p011','2021-12-31',9.07),(1003,'p012','2022-01-11',10.00),(1003,'p013','2021-11-05',4.92),(1003,'p014','2021-12-01',1.83),(1003,'p015','2021-10-10',9.40),(1003,'p016','2021-10-27',9.66),(1003,'p017','2022-02-24',7.86),(1003,'p018','2021-10-01',2.78),(1003,'p019','2021-09-28',1.37),(1003,'p020','2022-01-13',9.11),(1003,'p021','2021-12-22',3.87),(1003,'p022','2021-11-26',8.64),(1003,'p023','2021-12-09',9.48),(1003,'p024','2021-10-03',4.27),(1003,'p025','2022-03-01',6.76),(1003,'p026','2022-02-03',10.00),(1003,'p027','2022-02-14',10.00),(1003,'p028','2021-12-23',5.20),(1003,'p029','2021-11-14',0.41),(1003,'p030','2022-02-22',6.29),(1003,'p031','2021-12-23',5.71),(1003,'p032','2022-01-14',0.37),(1003,'p033','2022-01-16',5.42),(1003,'p034','2021-09-27',7.43),(1003,'p035','2021-12-31',6.30),(1003,'p036','2021-11-15',6.19),(1003,'p037','2021-10-14',2.47),(1003,'p038','2021-12-01',2.61),(1003,'p039','2022-02-25',1.11),(1003,'p040','2021-10-03',3.83),(1003,'p041','2021-09-28',6.05),(1003,'p042','2022-02-27',6.91),(1003,'p043','2021-11-17',0.61),(1003,'p044','2022-01-12',9.42),(1003,'p045','2021-11-19',7.19),(1003,'p046','2021-09-28',1.07),(1003,'p047','2021-12-29',5.11),(1003,'p048','2021-09-26',2.19),(1003,'p049','2022-01-15',2.83),(1003,'p050','2022-02-23',10.00),(1004,'p001','2021-12-29',9.98),(1004,'p002','2021-12-24',8.75),(1004,'p003','2022-01-06',5.74),(1004,'p004','2021-12-11',3.76),(1004,'p005','2021-11-14',7.18),(1004,'p006','2022-01-30',3.47),(1004,'p007','2021-12-06',6.46),(1004,'p008','2022-02-14',10.00),(1004,'p009','2022-01-19',3.83),(1004,'p010','2022-02-11',2.28),(1004,'p011','2021-10-05',2.44),(1004,'p012','2021-12-03',1.49),(1004,'p013','2022-03-04',7.35),(1004,'p014','2022-02-20',9.72),(1004,'p015','2021-12-07',1.85),(1004,'p016','2021-09-29',2.84),(1004,'p017','2021-12-27',10.00),(1004,'p018','2022-01-03',1.30),(1004,'p019','2021-11-16',0.03),(1004,'p020','2022-01-31',5.85),(1004,'p021','2021-12-29',0.04),(1004,'p022','2022-02-19',0.73),(1004,'p023','2021-11-12',10.00),(1004,'p024','2022-02-19',2.89),(1004,'p025','2022-03-02',2.60),(1004,'p026','2022-01-24',3.94),(1004,'p027','2022-01-05',0.09),(1004,'p028','2022-02-28',7.97),(1004,'p029','2022-02-13',5.41),(1004,'p030','2021-11-18',6.76),(1004,'p031','2022-01-23',7.71),(1004,'p032','2022-01-26',0.90),(1004,'p033','2021-12-03',4.20),(1004,'p034','2021-12-28',0.47),(1004,'p035','2021-11-17',7.17),(1004,'p036','2021-11-01',1.77),(1004,'p037','2021-12-19',7.40),(1004,'p038','2021-12-24',5.44),(1004,'p039','2022-01-06',5.59),(1004,'p040','2021-10-15',3.93),(1004,'p041','2021-10-28',3.73),(1004,'p042','2022-02-26',3.52),(1004,'p043','2022-01-21',1.83),(1004,'p044','2022-01-13',10.00),(1004,'p045','2022-01-17',5.37),(1004,'p046','2021-12-08',4.43),(1004,'p047','2022-02-17',0.81),(1004,'p048','2022-03-03',4.90),(1004,'p049','2022-01-04',0.90),(1004,'p050','2022-01-04',1.24),(1005,'p001','2022-01-13',9.28),(1005,'p002','2021-11-19',10.00),(1005,'p003','2021-12-10',0.85),(1005,'p004','2022-02-09',7.62),(1005,'p005','2022-01-31',0.53),(1005,'p006','2021-10-04',8.80),(1005,'p007','2022-01-19',6.88),(1005,'p008','2022-01-16',7.61),(1005,'p009','2021-10-10',5.39),(1005,'p010','2021-11-22',6.52),(1005,'p011','2022-01-17',8.68),(1005,'p012','2021-10-03',3.99),(1005,'p013','2022-01-10',7.42),(1005,'p014','2022-02-02',3.22),(1005,'p015','2022-01-31',5.57),(1005,'p016','2022-01-06',0.14),(1005,'p017','2021-12-14',7.27),(1005,'p018','2021-12-20',10.00),(1005,'p019','2021-09-27',10.00),(1005,'p020','2022-02-25',7.10),(1005,'p021','2021-10-30',9.86),(1005,'p022','2022-02-20',2.11),(1005,'p023','2021-12-03',0.40),(1005,'p024','2022-02-23',5.62),(1005,'p025','2022-02-11',10.00),(1005,'p026','2022-02-25',1.79),(1005,'p027','2021-10-06',7.25),(1005,'p028','2021-12-08',5.70),(1005,'p029','2022-02-17',0.16),(1005,'p030','2022-02-20',5.91),(1005,'p031','2021-11-04',7.27),(1005,'p032','2021-11-12',2.84),(1005,'p033','2022-02-02',9.00),(1005,'p034','2021-09-30',8.19),(1005,'p035','2022-01-26',2.53),(1005,'p036','2021-12-15',10.00),(1005,'p037','2021-10-02',8.52),(1005,'p038','2022-02-08',2.91),(1005,'p039','2021-12-22',8.24),(1005,'p040','2022-02-09',7.16),(1005,'p041','2022-01-15',5.41),(1005,'p042','2021-12-18',4.69),(1005,'p043','2022-02-27',7.43),(1005,'p044','2022-02-26',2.26),(1005,'p045','2021-12-03',4.44),(1005,'p046','2021-12-31',8.68),(1005,'p047','2022-02-18',2.51),(1005,'p048','2022-01-31',7.36),(1005,'p049','2022-01-16',2.76),(1005,'p050','2021-12-21',10.00),(1006,'p001','2022-01-19',9.49),(1006,'p002','2021-11-23',4.47),(1006,'p003','2021-10-27',8.45),(1006,'p004','2022-02-27',0.91),(1006,'p005','2021-11-23',0.39),(1006,'p006','2022-02-08',4.04),(1006,'p007','2022-01-16',6.62),(1006,'p008','2021-12-02',8.92),(1006,'p009','2021-11-08',1.91),(1006,'p010','2022-02-27',4.37),(1006,'p011','2022-02-20',0.10),(1006,'p012','2021-10-03',7.51),(1006,'p013','2022-01-05',8.82),(1006,'p014','2021-10-11',6.82),(1006,'p015','2021-10-07',1.25),(1006,'p016','2021-09-27',10.00),(1006,'p017','2021-10-28',10.00),(1006,'p018','2021-12-11',7.13),(1006,'p019','2021-11-13',7.44),(1006,'p020','2022-02-19',5.39),(1006,'p021','2022-02-11',10.00),(1006,'p022','2021-11-08',0.64),(1006,'p023','2021-12-18',2.96),(1006,'p024','2022-01-04',3.70),(1006,'p025','2022-01-01',0.90),(1006,'p026','2021-11-17',9.66),(1006,'p027','2021-12-16',5.07),(1006,'p028','2021-09-29',3.58),(1006,'p029','2021-10-30',9.49),(1006,'p030','2021-12-21',7.50),(1006,'p031','2022-02-25',2.70),(1006,'p032','2022-02-02',1.87),(1006,'p033','2021-12-12',1.20),(1006,'p034','2021-10-28',8.36),(1006,'p035','2021-12-24',5.63),(1006,'p036','2021-12-15',5.40),(1006,'p037','2021-09-26',7.26),(1006,'p038','2021-10-16',6.36),(1006,'p039','2022-01-02',7.39),(1006,'p040','2021-10-24',1.76),(1006,'p041','2021-12-06',3.22),(1006,'p042','2021-11-12',2.53),(1006,'p043','2022-01-20',3.75),(1006,'p044','2021-10-09',10.00),(1006,'p045','2022-01-16',3.02),(1006,'p046','2021-11-05',4.01),(1006,'p047','2021-10-16',7.40),(1006,'p048','2021-11-06',7.81),(1006,'p049','2022-01-06',0.44),(1006,'p050','2022-01-05',10.00),(1007,'p001','2021-12-18',8.82),(1007,'p002','2022-02-13',4.40),(1007,'p003','2021-12-24',9.92),(1007,'p004','2022-01-12',3.86),(1007,'p005','2022-01-20',2.70),(1007,'p006','2022-01-03',8.54),(1007,'p007','2022-02-13',8.86),(1007,'p008','2022-01-12',2.07),(1007,'p009','2021-11-15',9.79),(1007,'p010','2021-10-14',2.46),(1007,'p011','2021-10-24',0.81),(1007,'p012','2021-12-06',7.84),(1007,'p013','2021-10-09',1.82),(1007,'p014','2021-12-30',1.71),(1007,'p015','2021-10-29',6.73),(1007,'p016','2021-11-22',4.78),(1007,'p017','2021-12-04',9.43),(1007,'p018','2021-11-16',4.96),(1007,'p019','2022-01-15',5.20),(1007,'p020','2022-02-01',5.51),(1007,'p021','2021-12-02',9.90),(1007,'p022','2022-02-15',4.11),(1007,'p023','2021-10-08',8.75),(1007,'p024','2021-12-05',8.71),(1007,'p025','2022-01-26',10.00),(1007,'p026','2022-01-04',2.43),(1007,'p027','2021-10-21',9.02),(1007,'p028','2021-11-13',5.69),(1007,'p029','2021-09-30',2.95),(1007,'p030','2022-02-27',1.41),(1007,'p031','2022-02-18',7.85),(1007,'p032','2022-01-18',10.00),(1007,'p033','2022-03-03',7.96),(1007,'p034','2021-12-30',8.12),(1007,'p035','2022-01-25',7.23),(1007,'p036','2021-10-01',4.01),(1007,'p037','2022-01-14',6.24),(1007,'p038','2022-01-21',6.64),(1007,'p039','2022-01-30',0.27),(1007,'p040','2022-01-10',2.07),(1007,'p041','2021-10-27',1.62),(1007,'p042','2022-02-25',5.89),(1007,'p043','2021-10-14',4.43),(1007,'p044','2021-09-26',1.64),(1007,'p045','2021-12-17',6.42),(1007,'p046','2021-12-01',9.22),(1007,'p047','2021-11-05',7.98),(1007,'p048','2022-01-12',5.15),(1007,'p049','2022-02-13',5.53),(1007,'p050','2021-10-14',4.69),(1008,'p001','2021-12-02',5.26),(1008,'p002','2021-11-24',10.00),(1008,'p003','2022-02-03',2.44),(1008,'p004','2021-10-28',10.00),(1008,'p005','2021-12-28',3.87),(1008,'p006','2021-11-03',5.04),(1008,'p007','2021-11-19',9.80),(1008,'p008','2021-09-30',3.17),(1008,'p009','2021-12-30',3.85),(1008,'p010','2021-12-19',7.46),(1008,'p011','2021-10-10',3.59),(1008,'p012','2021-10-10',4.46),(1008,'p013','2022-02-19',10.00),(1008,'p014','2021-12-03',4.17),(1008,'p015','2021-11-15',6.55),(1008,'p016','2022-01-23',10.00),(1008,'p017','2021-11-30',4.23),(1008,'p018','2022-01-29',8.10),(1008,'p019','2021-12-20',9.85),(1008,'p020','2021-10-08',1.23),(1008,'p021','2021-11-02',1.43),(1008,'p022','2021-12-08',6.44),(1008,'p023','2022-01-29',7.57),(1008,'p024','2022-01-19',0.25),(1008,'p025','2021-10-01',0.11),(1008,'p026','2021-09-27',3.30),(1008,'p027','2021-12-02',4.85),(1008,'p028','2021-12-16',10.00),(1008,'p029','2021-12-26',3.61),(1008,'p030','2021-12-09',3.30),(1008,'p031','2022-01-16',3.89),(1008,'p032','2021-11-08',9.80),(1008,'p033','2021-11-30',8.49),(1008,'p034','2021-12-18',2.05),(1008,'p035','2021-12-03',9.78),(1008,'p036','2021-10-08',5.62),(1008,'p037','2021-10-10',9.35),(1008,'p038','2022-01-29',3.06),(1008,'p039','2021-12-14',4.72),(1008,'p040','2021-10-05',1.61),(1008,'p041','2022-01-12',1.90),(1008,'p042','2021-12-08',1.18),(1008,'p043','2022-01-06',6.47),(1008,'p044','2021-11-04',3.40),(1008,'p045','2021-12-18',6.94),(1008,'p046','2021-12-26',7.03),(1008,'p047','2022-01-02',8.06),(1008,'p048','2022-01-02',5.58),(1008,'p049','2022-02-10',2.11),(1008,'p050','2021-12-18',1.38),(1009,'p001','2021-11-18',9.68),(1009,'p002','2021-10-20',4.36),(1009,'p003','2021-12-06',1.12),(1009,'p004','2022-01-21',5.92),(1009,'p005','2021-12-14',5.18),(1009,'p006','2022-03-01',7.90),(1009,'p007','2021-12-19',7.61),(1009,'p008','2021-12-10',8.58),(1009,'p009','2021-12-08',7.14),(1009,'p010','2021-09-28',9.64),(1009,'p011','2021-10-11',5.87),(1009,'p012','2022-01-15',3.23),(1009,'p013','2021-12-27',3.27),(1009,'p014','2022-02-02',8.89),(1009,'p015','2021-10-08',8.90),(1009,'p016','2021-09-26',1.49),(1009,'p017','2022-02-09',6.52),(1009,'p018','2022-02-28',10.00),(1009,'p019','2022-02-18',8.48),(1009,'p020','2021-10-29',6.82),(1009,'p021','2022-01-07',4.01),(1009,'p022','2022-01-15',8.41),(1009,'p023','2021-10-28',10.00),(1009,'p024','2022-01-20',3.34),(1009,'p025','2022-02-06',8.75),(1009,'p026','2021-12-11',7.86),(1009,'p027','2021-12-20',0.07),(1009,'p028','2022-02-19',7.59),(1009,'p029','2022-01-06',9.08),(1009,'p030','2021-10-13',6.13),(1009,'p031','2021-10-16',3.35),(1009,'p032','2022-01-20',7.44),(1009,'p033','2022-02-17',1.71),(1009,'p034','2021-12-15',10.00),(1009,'p035','2021-11-08',10.00),(1009,'p036','2021-10-29',4.73),(1009,'p037','2021-12-11',0.48),(1009,'p038','2021-11-07',9.35),(1009,'p039','2021-11-22',10.00),(1009,'p040','2021-10-11',0.94),(1009,'p041','2021-10-12',10.00),(1009,'p042','2021-10-10',2.43),(1009,'p043','2021-10-17',6.05),(1009,'p044','2022-01-17',5.93),(1009,'p045','2021-11-08',8.09),(1009,'p046','2021-10-11',6.69),(1009,'p047','2021-12-12',4.33),(1009,'p048','2022-01-01',4.79),(1009,'p049','2021-12-08',1.39),(1009,'p050','2022-02-03',6.11),(1010,'p001','2021-12-29',4.56),(1010,'p002','2021-12-24',0.17),(1010,'p003','2021-10-20',10.00),(1010,'p004','2021-10-12',9.41),(1010,'p005','2021-10-21',8.70),(1010,'p006','2021-12-09',5.81),(1010,'p007','2022-02-26',1.39),(1010,'p008','2022-01-13',2.50),(1010,'p009','2021-11-25',1.95),(1010,'p010','2021-12-25',6.10),(1010,'p011','2021-10-01',2.34),(1010,'p012','2021-12-04',10.00),(1010,'p013','2022-01-27',2.56),(1010,'p014','2021-12-19',10.00),(1010,'p015','2022-01-17',0.31),(1010,'p016','2021-11-15',0.32),(1010,'p017','2021-12-12',8.89),(1010,'p018','2021-11-27',2.58),(1010,'p019','2021-12-01',6.56),(1010,'p020','2021-11-08',8.54),(1010,'p021','2021-11-01',8.44),(1010,'p022','2021-10-10',2.81),(1010,'p023','2022-01-23',5.08),(1010,'p024','2021-11-13',6.28),(1010,'p025','2021-12-18',0.21),(1010,'p026','2022-03-04',9.63),(1010,'p027','2021-11-23',1.70),(1010,'p028','2022-02-01',9.93),(1010,'p029','2022-02-26',8.09),(1010,'p030','2022-02-15',9.76),(1010,'p031','2021-10-11',6.59),(1010,'p032','2021-12-03',9.24),(1010,'p033','2021-12-15',0.21),(1010,'p034','2022-02-21',6.88),(1010,'p035','2021-11-08',7.64),(1010,'p036','2021-11-01',6.39),(1010,'p037','2021-11-18',2.00),(1010,'p038','2022-02-26',7.16),(1010,'p039','2021-11-12',8.21),(1010,'p040','2021-11-10',3.51),(1010,'p041','2022-02-15',7.49),(1010,'p042','2022-01-02',2.69),(1010,'p043','2022-02-06',1.87),(1010,'p044','2021-10-25',5.07),(1010,'p045','2021-12-14',3.38),(1010,'p046','2022-01-11',8.91),(1010,'p047','2021-12-28',9.88),(1010,'p048','2022-03-04',7.85),(1010,'p049','2022-03-02',7.54),(1010,'p050','2022-01-28',4.76),(1011,'p001','2021-10-21',10.00),(1011,'p002','2021-11-04',8.00),(1011,'p003','2022-02-08',10.00),(1011,'p004','2021-11-29',4.56),(1011,'p005','2021-12-25',8.78),(1011,'p006','2022-02-27',6.32),(1011,'p007','2021-12-13',1.93),(1011,'p008','2022-02-01',3.35),(1011,'p009','2022-03-02',5.83),(1011,'p010','2021-12-20',7.20),(1011,'p011','2022-02-05',2.59),(1011,'p012','2021-09-29',0.96),(1011,'p013','2021-12-16',8.32),(1011,'p014','2022-01-13',8.07),(1011,'p015','2022-01-21',2.74),(1011,'p016','2022-02-19',3.65),(1011,'p017','2021-12-16',0.23),(1011,'p018','2022-01-09',0.08),(1011,'p019','2022-01-25',4.36),(1011,'p020','2021-11-12',1.95),(1011,'p021','2021-12-11',3.27),(1011,'p022','2021-12-06',10.00),(1011,'p023','2021-12-05',4.49),(1011,'p024','2021-11-02',1.27),(1011,'p025','2021-11-20',2.27),(1011,'p026','2022-01-05',2.30),(1011,'p027','2021-10-17',9.65),(1011,'p028','2021-10-07',10.00),(1011,'p029','2021-12-07',5.96),(1011,'p030','2022-02-16',9.24),(1011,'p031','2022-01-17',7.15),(1011,'p032','2021-12-18',9.61),(1011,'p033','2021-11-28',10.00),(1011,'p034','2021-10-09',7.68),(1011,'p035','2022-01-18',3.82),(1011,'p036','2021-12-01',1.83),(1011,'p037','2021-10-08',0.71),(1011,'p038','2022-02-11',7.96),(1011,'p039','2021-11-26',9.24),(1011,'p040','2021-12-23',3.16),(1011,'p041','2022-02-21',3.41),(1011,'p042','2022-02-20',7.16),(1011,'p043','2022-01-06',3.06),(1011,'p044','2021-10-18',9.96),(1011,'p045','2022-02-28',2.46),(1011,'p046','2022-02-21',10.00),(1011,'p047','2022-01-24',5.80),(1011,'p048','2021-12-05',7.16),(1011,'p049','2022-01-01',9.70),(1011,'p050','2021-12-14',2.43),(1012,'p001','2022-01-20',5.28),(1012,'p002','2022-01-04',7.53),(1012,'p003','2022-01-23',4.87),(1012,'p004','2022-01-18',1.97),(1012,'p005','2021-11-14',0.57),(1012,'p006','2021-10-31',1.88),(1012,'p007','2022-01-08',2.18),(1012,'p008','2021-10-06',8.24),(1012,'p009','2021-11-26',5.36),(1012,'p010','2021-10-14',4.94),(1012,'p011','2021-11-20',6.28),(1012,'p012','2021-12-14',2.89),(1012,'p013','2022-01-14',2.97),(1012,'p014','2021-11-08',4.64),(1012,'p015','2021-12-23',5.41),(1012,'p016','2021-12-29',0.63),(1012,'p017','2021-11-22',1.41),(1012,'p018','2022-03-03',0.34),(1012,'p019','2022-01-20',1.88),(1012,'p020','2021-10-30',4.19),(1012,'p021','2021-10-07',8.27),(1012,'p022','2022-01-22',3.97),(1012,'p023','2022-01-05',6.76),(1012,'p024','2022-01-19',0.60),(1012,'p025','2022-02-21',8.24),(1012,'p026','2021-10-04',1.00),(1012,'p027','2021-10-30',3.06),(1012,'p028','2021-10-11',7.79),(1012,'p029','2022-02-22',7.60),(1012,'p030','2021-10-11',10.00),(1012,'p031','2022-01-03',10.00),(1012,'p032','2021-10-06',0.41),(1012,'p033','2021-09-26',1.01),(1012,'p034','2021-11-05',6.94),(1012,'p035','2021-10-15',3.86),(1012,'p036','2022-02-18',10.00),(1012,'p037','2021-12-05',6.48),(1012,'p038','2022-01-29',9.93),(1012,'p039','2022-01-07',2.70),(1012,'p040','2022-02-18',6.51),(1012,'p041','2022-01-10',8.32),(1012,'p042','2022-02-28',1.88),(1012,'p043','2022-01-12',8.42),(1012,'p044','2021-10-03',0.68),(1012,'p045','2022-02-27',5.41),(1012,'p046','2022-01-02',1.96),(1012,'p047','2021-10-11',10.00),(1012,'p048','2021-12-02',10.00),(1012,'p049','2022-01-24',6.48),(1012,'p050','2021-11-29',3.47),(1013,'p001','2021-11-30',5.50),(1013,'p002','2022-01-15',5.17),(1013,'p003','2021-12-22',10.00),(1013,'p004','2022-02-26',7.47),(1013,'p005','2022-02-02',8.80),(1013,'p006','2021-12-12',0.84),(1013,'p007','2021-10-02',2.07),(1013,'p008','2021-10-04',5.49),(1013,'p009','2021-11-30',5.37),(1013,'p010','2021-11-28',7.15),(1013,'p011','2021-10-13',8.10),(1013,'p012','2021-10-28',2.28),(1013,'p013','2021-12-26',3.54),(1013,'p014','2021-10-06',4.55),(1013,'p015','2022-02-14',1.23),(1013,'p016','2022-02-23',1.20),(1013,'p017','2021-11-08',2.74),(1013,'p018','2022-02-13',5.74),(1013,'p019','2022-02-26',7.51),(1013,'p020','2021-12-05',7.12),(1013,'p021','2021-09-29',6.80),(1013,'p022','2022-03-01',0.28),(1013,'p023','2021-09-30',0.02),(1013,'p024','2021-12-25',10.00),(1013,'p025','2021-12-11',4.12),(1013,'p026','2021-11-24',9.37),(1013,'p027','2022-02-25',4.41),(1013,'p028','2021-10-23',0.08),(1013,'p029','2022-01-21',2.73),(1013,'p030','2022-01-28',1.82),(1013,'p031','2021-11-23',3.26),(1013,'p032','2021-12-31',9.43),(1013,'p033','2021-12-18',1.13),(1013,'p034','2021-10-08',7.84),(1013,'p035','2022-02-14',5.93),(1013,'p036','2021-12-25',3.82),(1013,'p037','2022-01-19',6.76),(1013,'p038','2021-10-17',6.97),(1013,'p039','2022-02-05',1.18),(1013,'p040','2021-11-14',7.33),(1013,'p041','2021-11-01',6.41),(1013,'p042','2021-10-30',4.39),(1013,'p043','2021-10-16',0.54),(1013,'p044','2021-12-24',0.28),(1013,'p045','2022-01-06',3.67),(1013,'p046','2021-11-08',1.20),(1013,'p047','2021-10-01',0.10),(1013,'p048','2021-10-03',10.00),(1013,'p049','2022-01-31',2.83),(1013,'p050','2021-10-29',0.14),(1014,'p001','2021-11-06',2.09),(1014,'p002','2021-12-25',8.47),(1014,'p003','2022-01-11',9.10),(1014,'p004','2022-01-21',3.19),(1014,'p005','2021-12-26',8.17),(1014,'p006','2021-10-23',10.00),(1014,'p007','2022-02-21',8.83),(1014,'p008','2021-11-21',8.14),(1014,'p009','2021-11-17',9.91),(1014,'p010','2021-12-22',3.44),(1014,'p011','2022-03-02',9.46),(1014,'p012','2021-11-22',6.37),(1014,'p013','2022-01-10',7.66),(1014,'p014','2022-01-22',0.74),(1014,'p015','2022-01-31',7.60),(1014,'p016','2022-01-03',6.13),(1014,'p017','2022-02-22',6.51),(1014,'p018','2022-01-25',7.01),(1014,'p019','2022-01-16',4.78),(1014,'p020','2021-12-04',9.61),(1014,'p021','2022-02-06',10.00),(1014,'p022','2022-02-22',2.64),(1014,'p023','2022-02-16',5.51),(1014,'p024','2021-11-13',5.45),(1014,'p025','2022-01-15',4.14),(1014,'p026','2022-01-02',4.13),(1014,'p027','2021-10-17',1.32),(1014,'p028','2021-12-05',8.56),(1014,'p029','2021-12-23',5.51),(1014,'p030','2022-02-08',3.02),(1014,'p031','2021-12-01',0.47),(1014,'p032','2022-02-16',10.00),(1014,'p033','2022-02-19',1.40),(1014,'p034','2021-10-27',9.54),(1014,'p035','2022-01-09',1.00),(1014,'p036','2021-12-24',1.74),(1014,'p037','2022-01-24',4.22),(1014,'p038','2021-12-04',10.00),(1014,'p039','2022-02-28',9.11),(1014,'p040','2022-01-21',3.64),(1014,'p041','2021-11-28',2.93),(1014,'p042','2021-11-21',0.54),(1014,'p043','2021-11-22',0.50),(1014,'p044','2021-10-27',10.00),(1014,'p045','2021-12-01',10.00),(1014,'p046','2022-01-06',5.16),(1014,'p047','2022-02-07',8.42),(1014,'p048','2021-10-12',7.00),(1014,'p049','2021-11-17',6.44),(1014,'p050','2021-11-14',4.47),(1015,'p001','2021-11-06',1.31),(1015,'p002','2021-12-08',4.44),(1015,'p003','2022-02-08',3.15),(1015,'p004','2021-11-20',4.37),(1015,'p005','2021-12-26',10.00),(1015,'p006','2022-02-17',7.99),(1015,'p007','2021-10-28',6.20),(1015,'p008','2021-11-03',6.30),(1015,'p009','2021-12-16',8.05),(1015,'p010','2022-01-30',1.05),(1015,'p011','2022-01-22',7.85),(1015,'p012','2021-09-29',1.54),(1015,'p013','2021-12-17',3.64),(1015,'p014','2021-12-06',6.12),(1015,'p015','2021-10-21',1.44),(1015,'p016','2021-11-19',6.80),(1015,'p017','2021-11-04',0.03),(1015,'p018','2021-12-20',4.57),(1015,'p019','2022-01-18',1.36),(1015,'p020','2021-11-16',8.49),(1015,'p021','2022-01-01',0.16),(1015,'p022','2022-03-03',3.62),(1015,'p023','2022-01-31',5.66),(1015,'p024','2022-01-02',4.78),(1015,'p025','2021-09-28',8.63),(1015,'p026','2021-11-10',5.12),(1015,'p027','2022-03-03',7.38),(1015,'p028','2022-01-30',7.98),(1015,'p029','2022-02-07',3.21),(1015,'p030','2021-10-10',8.02),(1015,'p031','2021-12-21',1.66),(1015,'p032','2021-12-23',4.14),(1015,'p033','2022-01-04',5.41),(1015,'p034','2021-10-06',0.81),(1015,'p035','2021-12-26',9.63),(1015,'p036','2021-12-19',9.63),(1015,'p037','2022-02-03',8.33),(1015,'p038','2021-10-06',9.77),(1015,'p039','2022-02-24',8.62),(1015,'p040','2021-10-18',3.21),(1015,'p041','2021-12-10',9.08),(1015,'p042','2022-01-16',3.80),(1015,'p043','2022-01-13',4.75),(1015,'p044','2022-01-22',5.58),(1015,'p045','2021-10-27',3.00),(1015,'p046','2022-01-20',10.00),(1015,'p047','2022-01-07',5.23),(1015,'p048','2021-12-16',5.87),(1015,'p049','2021-10-09',8.95),(1015,'p050','2021-10-01',6.74),(1016,'p001','2022-01-02',6.11),(1016,'p002','2022-01-01',8.13),(1016,'p003','2021-09-30',0.01),(1016,'p004','2022-02-28',10.00),(1016,'p005','2022-01-21',6.66),(1016,'p006','2022-01-08',6.07),(1016,'p007','2021-12-24',5.44),(1016,'p008','2021-11-30',2.42),(1016,'p009','2022-02-01',8.81),(1016,'p010','2021-10-18',0.07),(1016,'p011','2021-10-29',9.03),(1016,'p012','2021-10-31',5.01),(1016,'p013','2022-01-31',0.31),(1016,'p014','2022-02-12',10.00),(1016,'p015','2022-02-11',3.04),(1016,'p016','2022-02-13',8.11),(1016,'p017','2021-11-05',7.95),(1016,'p018','2021-11-15',1.84),(1016,'p019','2021-11-03',4.79),(1016,'p020','2021-10-23',8.93),(1016,'p021','2021-10-11',5.28),(1016,'p022','2021-11-26',1.06),(1016,'p023','2021-10-01',3.03),(1016,'p024','2022-03-01',8.82),(1016,'p025','2021-09-30',5.68),(1016,'p026','2022-02-05',5.20),(1016,'p027','2022-01-10',7.33),(1016,'p028','2021-09-27',8.58),(1016,'p029','2021-09-28',0.45),(1016,'p030','2021-10-09',4.24),(1016,'p031','2022-01-01',5.37),(1016,'p032','2021-12-08',6.41),(1016,'p033','2022-01-10',2.18),(1016,'p034','2021-12-04',6.63),(1016,'p035','2022-02-18',8.95),(1016,'p036','2021-09-30',2.47),(1016,'p037','2022-01-24',10.00),(1016,'p038','2021-11-22',6.06),(1016,'p039','2021-11-03',4.80),(1016,'p040','2021-10-13',6.27),(1016,'p041','2021-12-06',3.18),(1016,'p042','2021-10-23',1.29),(1016,'p043','2022-01-29',8.73),(1016,'p044','2021-11-04',2.59),(1016,'p045','2021-10-01',0.14),(1016,'p046','2021-10-09',8.22),(1016,'p047','2022-01-13',1.65),(1016,'p048','2022-01-31',4.67),(1016,'p049','2022-01-11',2.08),(1016,'p050','2022-02-06',10.00),(1017,'p001','2021-11-23',5.38),(1017,'p002','2021-12-10',4.65),(1017,'p003','2022-02-18',4.82),(1017,'p004','2021-11-23',3.81),(1017,'p005','2022-01-27',3.45),(1017,'p006','2021-11-09',10.00),(1017,'p007','2022-02-06',3.62),(1017,'p008','2022-01-09',0.41),(1017,'p009','2021-12-30',6.89),(1017,'p010','2021-12-21',2.91),(1017,'p011','2021-11-08',2.00),(1017,'p012','2021-10-03',4.38),(1017,'p013','2021-12-10',6.08),(1017,'p014','2021-12-24',3.53),(1017,'p015','2021-09-29',0.80),(1017,'p016','2022-01-10',4.93),(1017,'p017','2022-01-03',7.79),(1017,'p018','2021-10-29',4.79),(1017,'p019','2021-10-13',1.75),(1017,'p020','2021-12-01',5.20),(1017,'p021','2021-11-15',10.00),(1017,'p022','2021-11-23',9.56),(1017,'p023','2021-12-17',6.66),(1017,'p024','2021-10-04',3.60),(1017,'p025','2021-11-18',8.43),(1017,'p026','2021-10-21',8.67),(1017,'p027','2022-01-11',6.99),(1017,'p028','2021-10-07',3.32),(1017,'p029','2022-01-23',1.70),(1017,'p030','2022-02-03',8.42),(1017,'p031','2022-01-19',10.00),(1017,'p032','2022-01-17',7.58),(1017,'p033','2021-09-27',3.83),(1017,'p034','2022-01-12',8.75),(1017,'p035','2021-10-27',6.43),(1017,'p036','2022-01-30',4.24),(1017,'p037','2022-03-02',2.37),(1017,'p038','2021-10-23',5.24),(1017,'p039','2021-10-10',2.68),(1017,'p040','2022-02-03',2.31),(1017,'p041','2021-10-29',0.83),(1017,'p042','2022-02-17',1.49),(1017,'p043','2022-01-13',2.17),(1017,'p044','2021-10-08',10.00),(1017,'p045','2022-02-06',8.74),(1017,'p046','2021-09-28',7.61),(1017,'p047','2021-10-27',6.34),(1017,'p048','2021-12-13',2.91),(1017,'p049','2021-09-30',3.04),(1017,'p050','2021-12-27',1.83),(1018,'p001','2021-12-06',3.21),(1018,'p002','2021-12-10',4.15),(1018,'p003','2021-10-07',3.65),(1018,'p004','2021-10-23',1.14),(1018,'p005','2021-10-13',5.60),(1018,'p006','2021-11-29',1.35),(1018,'p007','2022-02-07',8.82),(1018,'p008','2022-02-05',8.03),(1018,'p009','2021-10-09',7.65),(1018,'p010','2021-10-03',10.00),(1018,'p011','2021-11-09',0.69),(1018,'p012','2022-02-11',5.18),(1018,'p013','2022-02-03',2.77),(1018,'p014','2022-01-19',4.73),(1018,'p015','2021-12-27',9.87),(1018,'p016','2022-01-24',9.76),(1018,'p017','2021-12-28',10.00),(1018,'p018','2021-10-25',8.56),(1018,'p019','2022-02-13',1.29),(1018,'p020','2021-11-25',7.52),(1018,'p021','2021-10-09',6.42),(1018,'p022','2021-12-22',7.26),(1018,'p023','2021-12-03',0.37),(1018,'p024','2021-10-28',0.13),(1018,'p025','2021-10-21',10.00),(1018,'p026','2021-12-27',8.08),(1018,'p027','2022-02-01',0.88),(1018,'p028','2021-11-09',7.84),(1018,'p029','2022-03-03',6.32),(1018,'p030','2022-01-20',0.85),(1018,'p031','2021-11-01',0.93),(1018,'p032','2021-12-01',9.44),(1018,'p033','2021-10-31',9.21),(1018,'p034','2022-03-02',7.67),(1018,'p035','2021-12-13',8.64),(1018,'p036','2022-01-17',3.31),(1018,'p037','2022-02-26',6.17),(1018,'p038','2021-10-10',1.15),(1018,'p039','2021-12-16',7.82),(1018,'p040','2021-12-15',9.43),(1018,'p041','2022-03-03',9.14),(1018,'p042','2022-01-02',5.62),(1018,'p043','2022-02-26',6.77),(1018,'p044','2021-10-26',3.18),(1018,'p045','2021-12-19',10.00),(1018,'p046','2021-12-14',4.68),(1018,'p047','2021-12-20',6.62),(1018,'p048','2021-10-28',2.22),(1018,'p049','2021-12-18',6.18),(1018,'p050','2021-12-04',3.56),(1019,'p001','2021-10-26',1.71),(1019,'p002','2022-01-16',3.99),(1019,'p003','2021-10-16',3.98),(1019,'p004','2022-02-27',9.33),(1019,'p005','2021-10-15',9.48),(1019,'p006','2021-10-23',8.56),(1019,'p007','2021-12-09',3.01),(1019,'p008','2022-02-09',5.96),(1019,'p009','2021-11-07',6.37),(1019,'p010','2021-09-28',0.24),(1019,'p011','2022-02-08',6.27),(1019,'p012','2021-10-03',4.03),(1019,'p013','2021-11-10',8.97),(1019,'p014','2022-01-13',3.08),(1019,'p015','2022-01-28',4.41),(1019,'p016','2021-11-13',9.07),(1019,'p017','2021-12-04',10.00),(1019,'p018','2021-12-24',9.55),(1019,'p019','2022-01-27',8.69),(1019,'p020','2021-12-05',8.03),(1019,'p021','2022-02-04',1.50),(1019,'p022','2021-10-05',7.83),(1019,'p023','2021-12-21',2.18),(1019,'p024','2021-11-18',3.04),(1019,'p025','2022-02-28',4.54),(1019,'p026','2021-12-28',9.47),(1019,'p027','2021-10-26',8.78),(1019,'p028','2021-12-31',9.14),(1019,'p029','2021-10-19',5.84),(1019,'p030','2021-12-04',6.41),(1019,'p031','2022-02-14',3.60),(1019,'p032','2021-12-08',1.24),(1019,'p033','2021-10-18',8.55),(1019,'p034','2021-12-25',0.90),(1019,'p035','2021-12-29',7.42),(1019,'p036','2021-11-24',2.74),(1019,'p037','2021-11-16',7.88),(1019,'p038','2021-10-27',7.76),(1019,'p039','2022-02-18',3.55),(1019,'p040','2021-10-28',4.55),(1019,'p041','2022-02-13',1.16),(1019,'p042','2021-12-30',5.41),(1019,'p043','2021-10-03',10.00),(1019,'p044','2022-03-01',2.77),(1019,'p045','2021-12-17',5.23),(1019,'p046','2021-11-24',9.53),(1019,'p047','2021-11-26',2.83),(1019,'p048','2021-11-26',5.02),(1019,'p049','2022-01-04',2.01),(1019,'p050','2021-10-08',7.11),(1020,'p001','2022-01-06',3.60),(1020,'p002','2021-10-08',5.59),(1020,'p003','2022-02-01',9.87),(1020,'p004','2022-02-09',2.03),(1020,'p005','2021-11-16',8.69),(1020,'p006','2021-12-30',7.44),(1020,'p007','2021-11-03',10.00),(1020,'p008','2022-01-20',7.97),(1020,'p009','2021-11-13',8.33),(1020,'p010','2022-02-08',7.67),(1020,'p011','2021-12-31',2.99),(1020,'p012','2021-10-01',8.03),(1020,'p013','2021-10-06',2.56),(1020,'p014','2021-12-21',5.00),(1020,'p015','2022-01-07',6.01),(1020,'p016','2022-02-28',7.49),(1020,'p017','2021-10-01',0.24),(1020,'p018','2022-03-01',5.52),(1020,'p019','2022-01-21',10.00),(1020,'p020','2021-09-28',8.04),(1020,'p021','2022-02-09',3.70),(1020,'p022','2021-11-05',6.52),(1020,'p023','2021-11-26',5.19),(1020,'p024','2021-12-31',1.65),(1020,'p025','2021-09-29',7.07),(1020,'p026','2022-02-22',8.26),(1020,'p027','2021-12-03',5.05),(1020,'p028','2021-09-30',4.10),(1020,'p029','2022-02-16',10.00),(1020,'p030','2022-01-27',4.16),(1020,'p031','2022-01-17',5.15),(1020,'p032','2021-10-03',4.62),(1020,'p033','2022-01-13',2.68),(1020,'p034','2022-02-16',3.12),(1020,'p035','2022-02-08',8.27),(1020,'p036','2022-01-07',0.33),(1020,'p037','2021-12-08',6.24),(1020,'p038','2022-02-14',5.10),(1020,'p039','2022-01-09',8.11),(1020,'p040','2021-11-16',1.53),(1020,'p041','2022-02-05',5.81),(1020,'p042','2022-01-24',8.22),(1020,'p043','2021-11-05',10.00),(1020,'p044','2022-02-02',2.01),(1020,'p045','2021-10-07',2.45),(1020,'p046','2021-12-23',7.01),(1020,'p047','2021-12-23',5.21),(1020,'p048','2021-12-23',9.45),(1020,'p049','2021-10-28',4.72),(1020,'p050','2021-12-20',4.12),(1021,'p001','2021-12-05',9.05),(1021,'p002','2021-10-30',4.30),(1021,'p003','2021-10-12',8.70),(1021,'p004','2021-12-17',9.64),(1021,'p005','2021-10-07',2.94),(1021,'p006','2022-02-04',9.32),(1021,'p007','2021-11-24',2.06),(1021,'p008','2021-10-25',9.85),(1021,'p009','2021-11-14',1.91),(1021,'p010','2022-02-28',0.61),(1021,'p011','2022-02-05',0.32),(1021,'p012','2021-11-04',6.39),(1021,'p013','2022-01-06',1.03),(1021,'p014','2021-10-12',1.33),(1021,'p015','2021-11-15',8.48),(1021,'p016','2022-01-13',5.74),(1021,'p017','2022-01-28',0.46),(1021,'p018','2021-12-23',7.98),(1021,'p019','2021-09-29',0.27),(1021,'p020','2021-11-12',3.53),(1021,'p021','2022-01-25',1.98),(1021,'p022','2021-11-08',9.51),(1021,'p023','2021-12-12',1.93),(1021,'p024','2021-12-04',4.02),(1021,'p025','2022-01-18',5.49),(1021,'p026','2021-12-05',5.81),(1021,'p027','2021-12-01',5.93),(1021,'p028','2021-10-04',6.71),(1021,'p029','2022-01-16',7.80),(1021,'p030','2022-01-29',10.00),(1021,'p031','2021-12-19',10.00),(1021,'p032','2022-01-24',10.00),(1021,'p033','2022-01-20',7.01),(1021,'p034','2022-02-16',7.23),(1021,'p035','2022-01-17',2.29),(1021,'p036','2022-02-19',3.70),(1021,'p037','2022-01-30',3.68),(1021,'p038','2021-09-30',5.09),(1021,'p039','2021-11-18',1.10),(1021,'p040','2021-11-18',10.00),(1021,'p041','2022-02-11',1.05),(1021,'p042','2022-03-04',8.58),(1021,'p043','2021-11-24',2.27),(1021,'p044','2022-01-07',2.42),(1021,'p045','2022-01-12',10.00),(1021,'p046','2021-10-20',3.39),(1021,'p047','2022-03-01',7.61),(1021,'p048','2021-10-02',2.50),(1021,'p049','2021-11-03',5.50),(1021,'p050','2021-12-17',3.32),(1022,'p001','2021-12-25',7.56),(1022,'p002','2021-11-28',9.40),(1022,'p003','2022-01-21',10.00),(1022,'p004','2021-10-08',10.00),(1022,'p005','2021-12-06',10.00),(1022,'p006','2021-11-11',0.11),(1022,'p007','2022-02-23',7.96),(1022,'p008','2022-02-27',5.40),(1022,'p009','2021-10-27',5.35),(1022,'p010','2022-02-02',8.56),(1022,'p011','2021-11-22',1.21),(1022,'p012','2021-11-21',5.22),(1022,'p013','2022-01-01',7.52),(1022,'p014','2021-10-09',2.38),(1022,'p015','2021-10-26',8.08),(1022,'p016','2021-11-17',8.67),(1022,'p017','2021-12-07',6.65),(1022,'p018','2022-01-17',2.92),(1022,'p019','2022-02-02',9.70),(1022,'p020','2021-12-15',5.83),(1022,'p021','2022-02-03',4.27),(1022,'p022','2022-02-10',1.10),(1022,'p023','2022-01-12',0.95),(1022,'p024','2022-02-10',6.56),(1022,'p025','2021-11-22',7.67),(1022,'p026','2021-09-30',2.98),(1022,'p027','2021-10-04',1.22),(1022,'p028','2022-01-29',2.56),(1022,'p029','2021-11-18',2.10),(1022,'p030','2022-02-22',5.49),(1022,'p031','2022-01-06',10.00),(1022,'p032','2022-02-14',7.27),(1022,'p033','2022-01-05',10.00),(1022,'p034','2021-09-28',10.00),(1022,'p035','2022-02-06',2.13),(1022,'p036','2021-12-26',1.43),(1022,'p037','2022-02-24',2.84),(1022,'p038','2021-12-30',6.91),(1022,'p039','2021-12-12',3.07),(1022,'p040','2021-11-29',2.46),(1022,'p041','2022-02-21',0.66),(1022,'p042','2021-10-14',1.05),(1022,'p043','2022-02-07',1.85),(1022,'p044','2022-02-26',5.80),(1022,'p045','2021-10-29',0.99),(1022,'p046','2022-03-03',1.35),(1022,'p047','2022-01-01',9.67),(1022,'p048','2022-01-23',6.37),(1022,'p049','2022-01-26',7.20),(1022,'p050','2022-02-24',3.97),(1023,'p001','2022-02-09',7.27),(1023,'p002','2021-12-21',7.98),(1023,'p003','2022-03-02',2.13),(1023,'p004','2022-02-01',10.00),(1023,'p005','2022-02-03',0.16),(1023,'p006','2021-10-08',6.28),(1023,'p007','2021-12-22',0.84),(1023,'p008','2022-01-08',2.99),(1023,'p009','2022-02-28',7.60),(1023,'p010','2022-01-11',3.27),(1023,'p011','2021-11-23',9.14),(1023,'p012','2021-12-24',8.62),(1023,'p013','2022-01-25',1.59),(1023,'p014','2022-01-10',0.19),(1023,'p015','2022-01-24',0.18),(1023,'p016','2021-10-07',3.08),(1023,'p017','2022-01-02',1.25),(1023,'p018','2021-12-20',5.70),(1023,'p019','2021-10-21',6.01),(1023,'p020','2022-02-08',1.94),(1023,'p021','2022-01-02',8.35),(1023,'p022','2022-02-19',1.27),(1023,'p023','2021-12-20',0.74),(1023,'p024','2021-12-04',0.53),(1023,'p025','2021-12-03',8.46),(1023,'p026','2021-12-23',4.50),(1023,'p027','2021-11-09',2.89),(1023,'p028','2021-12-10',10.00),(1023,'p029','2021-10-01',2.68),(1023,'p030','2022-01-15',0.13),(1023,'p031','2021-12-10',9.80),(1023,'p032','2021-10-02',9.02),(1023,'p033','2021-12-21',6.29),(1023,'p034','2021-11-02',10.00),(1023,'p035','2021-12-18',9.00),(1023,'p036','2022-01-05',4.87),(1023,'p037','2022-02-11',9.83),(1023,'p038','2021-10-06',8.51),(1023,'p039','2021-10-20',4.43),(1023,'p040','2022-01-11',10.00),(1023,'p041','2022-02-17',3.23),(1023,'p042','2021-10-25',8.75),(1023,'p043','2022-01-04',3.72),(1023,'p044','2021-12-10',0.57),(1023,'p045','2022-02-19',1.68),(1023,'p046','2021-12-01',6.19),(1023,'p047','2022-01-27',5.39),(1023,'p048','2022-02-10',10.00),(1023,'p049','2021-12-02',10.00),(1023,'p050','2021-11-21',1.55),(1024,'p001','2021-10-16',4.19),(1024,'p002','2022-01-23',0.97),(1024,'p003','2021-10-09',0.03),(1024,'p004','2022-01-06',9.22),(1024,'p005','2021-12-11',6.16),(1024,'p006','2022-02-18',8.30),(1024,'p007','2022-02-27',10.00),(1024,'p008','2022-01-14',8.20),(1024,'p009','2022-01-05',8.27),(1024,'p010','2021-12-13',7.11),(1024,'p011','2022-01-22',8.75),(1024,'p012','2021-11-30',6.79),(1024,'p013','2022-03-03',6.67),(1024,'p014','2022-02-18',4.29),(1024,'p015','2022-01-07',7.79),(1024,'p016','2021-11-26',2.54),(1024,'p017','2021-12-28',8.00),(1024,'p018','2022-01-31',5.14),(1024,'p019','2022-01-29',4.90),(1024,'p020','2021-12-27',6.39),(1024,'p021','2021-11-21',10.00),(1024,'p022','2022-01-11',3.24),(1024,'p023','2021-10-05',5.51),(1024,'p024','2021-12-08',6.08),(1024,'p025','2022-02-12',3.70),(1024,'p026','2021-11-11',3.64),(1024,'p027','2022-02-07',10.00),(1024,'p028','2022-02-09',9.78),(1024,'p029','2022-01-10',10.00),(1024,'p030','2022-02-08',8.10),(1024,'p031','2021-10-17',7.13),(1024,'p032','2022-01-28',7.08),(1024,'p033','2021-12-18',7.41),(1024,'p034','2021-11-19',3.51),(1024,'p035','2021-11-20',8.82),(1024,'p036','2022-02-14',2.75),(1024,'p037','2022-02-22',7.24),(1024,'p038','2022-02-20',0.63),(1024,'p039','2021-12-19',1.68),(1024,'p040','2021-10-13',5.82),(1024,'p041','2022-02-03',0.36),(1024,'p042','2021-12-10',2.88),(1024,'p043','2021-12-01',10.00),(1024,'p044','2021-11-16',2.64),(1024,'p045','2021-12-13',0.97),(1024,'p046','2022-02-24',6.46),(1024,'p047','2021-10-31',4.44),(1024,'p048','2022-01-02',0.48),(1024,'p049','2021-10-04',10.00),(1024,'p050','2021-11-01',4.79),(1025,'p001','2022-01-17',3.22),(1025,'p002','2021-11-15',1.75),(1025,'p003','2022-01-21',3.48),(1025,'p004','2022-02-15',0.32),(1025,'p005','2022-01-25',5.71),(1025,'p006','2021-12-15',2.30),(1025,'p007','2021-11-24',3.24),(1025,'p008','2021-10-29',7.94),(1025,'p009','2021-11-18',0.71),(1025,'p010','2021-11-11',6.63),(1025,'p011','2022-01-31',7.07),(1025,'p012','2022-01-15',7.43),(1025,'p013','2022-03-03',2.48),(1025,'p014','2021-11-15',2.88),(1025,'p015','2021-12-16',3.50),(1025,'p016','2022-01-14',9.53),(1025,'p017','2021-12-31',8.69),(1025,'p018','2021-11-08',2.44),(1025,'p019','2021-12-02',6.02),(1025,'p020','2021-11-22',4.95),(1025,'p021','2021-10-30',0.85),(1025,'p022','2021-12-16',6.24),(1025,'p023','2021-11-15',10.00),(1025,'p024','2022-02-09',0.84),(1025,'p025','2022-01-16',5.27),(1025,'p026','2021-12-11',6.77),(1025,'p027','2021-12-15',5.57),(1025,'p028','2022-03-03',4.13),(1025,'p029','2021-11-23',4.40),(1025,'p030','2022-01-28',9.86),(1025,'p031','2021-11-21',3.31),(1025,'p032','2021-12-06',9.33),(1025,'p033','2021-10-06',7.20),(1025,'p034','2021-11-25',1.75),(1025,'p035','2022-02-24',9.54),(1025,'p036','2021-10-11',8.50),(1025,'p037','2022-02-18',5.17),(1025,'p038','2022-02-23',1.43),(1025,'p039','2022-01-08',3.02),(1025,'p040','2021-09-30',3.02),(1025,'p041','2021-11-26',10.00),(1025,'p042','2021-11-09',8.93),(1025,'p043','2021-10-28',2.75),(1025,'p044','2022-02-07',1.00),(1025,'p045','2021-10-09',3.38),(1025,'p046','2021-11-01',1.09),(1025,'p047','2021-11-13',2.87),(1025,'p048','2022-02-22',2.13),(1025,'p049','2021-10-24',3.36),(1025,'p050','2021-10-17',0.06),(1026,'p001','2021-11-28',1.50),(1026,'p002','2021-11-06',2.61),(1026,'p003','2021-10-30',10.00),(1026,'p004','2021-10-24',0.19),(1026,'p005','2021-10-15',9.11),(1026,'p006','2021-12-04',2.09),(1026,'p007','2021-11-29',1.00),(1026,'p008','2022-01-26',0.12),(1026,'p009','2022-01-10',5.20),(1026,'p010','2021-10-13',7.15),(1026,'p011','2021-11-29',0.68),(1026,'p012','2021-12-20',3.13),(1026,'p013','2022-02-16',9.06),(1026,'p014','2022-01-23',5.12),(1026,'p015','2022-02-13',7.34),(1026,'p016','2021-12-31',4.34),(1026,'p017','2021-11-01',5.26),(1026,'p018','2021-10-06',0.14),(1026,'p019','2022-03-03',4.43),(1026,'p020','2022-01-10',3.64),(1026,'p021','2022-02-25',10.00),(1026,'p022','2022-01-05',1.49),(1026,'p023','2021-12-06',10.00),(1026,'p024','2021-10-05',5.19),(1026,'p025','2021-12-14',0.93),(1026,'p026','2021-12-12',7.92),(1026,'p027','2022-02-26',7.58),(1026,'p028','2021-10-19',1.50),(1026,'p029','2022-02-17',3.00),(1026,'p030','2021-10-24',4.48),(1026,'p031','2021-12-05',9.85),(1026,'p032','2021-12-03',3.60),(1026,'p033','2021-12-20',4.12),(1026,'p034','2021-10-07',1.77),(1026,'p035','2022-02-04',3.00),(1026,'p036','2022-02-08',4.74),(1026,'p037','2022-02-19',0.13),(1026,'p038','2021-12-19',10.00),(1026,'p039','2022-01-10',9.24),(1026,'p040','2021-12-21',5.15),(1026,'p041','2022-02-23',3.76),(1026,'p042','2021-10-11',0.89),(1026,'p043','2021-10-17',6.25),(1026,'p044','2021-09-30',6.38),(1026,'p045','2021-10-29',0.49),(1026,'p046','2022-02-04',6.53),(1026,'p047','2022-01-28',3.66),(1026,'p048','2021-11-01',3.11),(1026,'p049','2022-02-22',4.49),(1026,'p050','2021-12-24',2.15),(1027,'p001','2021-10-16',10.00),(1027,'p002','2021-10-02',0.77),(1027,'p003','2021-12-04',9.61),(1027,'p004','2021-11-24',0.85),(1027,'p005','2021-12-13',0.75),(1027,'p006','2022-01-22',8.00),(1027,'p007','2021-11-17',0.91),(1027,'p008','2022-01-08',7.87),(1027,'p009','2022-01-05',4.34),(1027,'p010','2021-12-02',10.00),(1027,'p011','2021-12-12',4.33),(1027,'p012','2022-02-26',3.66),(1027,'p013','2021-10-24',6.96),(1027,'p014','2021-12-02',5.50),(1027,'p015','2021-10-01',9.12),(1027,'p016','2021-10-31',7.67),(1027,'p017','2022-02-19',10.00),(1027,'p018','2022-01-22',2.67),(1027,'p019','2021-09-28',7.93),(1027,'p020','2021-11-21',2.58),(1027,'p021','2021-10-24',1.50),(1027,'p022','2021-12-03',5.10),(1027,'p023','2022-01-12',6.97),(1027,'p024','2021-12-08',3.15),(1027,'p025','2021-10-10',3.22),(1027,'p026','2022-02-23',1.51),(1027,'p027','2022-01-12',5.98),(1027,'p028','2022-02-12',2.40),(1027,'p029','2022-02-20',6.38),(1027,'p030','2021-12-02',7.40),(1027,'p031','2021-10-28',3.32),(1027,'p032','2021-10-09',6.48),(1027,'p033','2021-12-19',2.50),(1027,'p034','2022-03-01',6.86),(1027,'p035','2021-10-21',4.24),(1027,'p036','2021-11-11',2.65),(1027,'p037','2021-10-27',10.00),(1027,'p038','2021-12-30',1.50),(1027,'p039','2022-01-31',5.48),(1027,'p040','2021-10-01',4.58),(1027,'p041','2021-12-08',7.40),(1027,'p042','2021-11-13',2.52),(1027,'p043','2022-01-24',5.94),(1027,'p044','2021-09-27',2.19),(1027,'p045','2021-10-20',0.97),(1027,'p046','2021-12-25',4.39),(1027,'p047','2021-09-26',10.00),(1027,'p048','2022-02-17',6.99),(1027,'p049','2021-10-20',0.12),(1027,'p050','2021-11-20',7.33),(1028,'p001','2022-02-07',10.00),(1028,'p002','2021-12-17',2.23),(1028,'p003','2021-11-17',8.13),(1028,'p004','2021-12-13',3.48),(1028,'p005','2021-10-26',9.29),(1028,'p006','2021-10-18',1.18),(1028,'p007','2021-12-31',8.24),(1028,'p008','2021-12-10',5.48),(1028,'p009','2021-10-14',2.67),(1028,'p010','2021-10-11',7.97),(1028,'p011','2021-12-27',10.00),(1028,'p012','2021-12-06',8.41),(1028,'p013','2021-11-12',6.63),(1028,'p014','2021-11-03',3.33),(1028,'p015','2022-01-24',8.31),(1028,'p016','2022-02-07',7.80),(1028,'p017','2021-11-25',2.22),(1028,'p018','2021-12-23',5.63),(1028,'p019','2021-11-20',0.95),(1028,'p020','2022-01-26',5.30),(1028,'p021','2022-01-29',7.43),(1028,'p022','2021-11-29',6.51),(1028,'p023','2022-02-01',0.86),(1028,'p024','2021-10-26',2.20),(1028,'p025','2021-11-06',8.96),(1028,'p026','2021-12-13',1.53),(1028,'p027','2021-11-04',1.39),(1028,'p028','2021-11-10',10.00),(1028,'p029','2021-11-19',6.26),(1028,'p030','2021-11-24',1.27),(1028,'p031','2022-02-14',7.46),(1028,'p032','2022-01-31',2.74),(1028,'p033','2021-11-08',10.00),(1028,'p034','2022-02-24',4.41),(1028,'p035','2021-12-30',9.49),(1028,'p036','2022-02-19',7.68),(1028,'p037','2021-12-07',8.22),(1028,'p038','2021-12-19',10.00),(1028,'p039','2021-10-15',9.95),(1028,'p040','2022-02-02',7.84),(1028,'p041','2021-11-05',7.89),(1028,'p042','2022-02-22',6.94),(1028,'p043','2021-10-03',1.74),(1028,'p044','2022-02-27',6.23),(1028,'p045','2021-10-10',3.08),(1028,'p046','2021-11-14',2.69),(1028,'p047','2021-10-12',6.05),(1028,'p048','2021-10-13',5.87),(1028,'p049','2021-12-12',5.99),(1028,'p050','2022-01-02',10.00),(1029,'p001','2022-02-08',10.00),(1029,'p002','2021-12-04',2.50),(1029,'p003','2021-11-16',1.99),(1029,'p004','2022-02-24',3.51),(1029,'p005','2021-10-28',4.78),(1029,'p006','2021-10-01',5.41),(1029,'p007','2021-12-07',5.50),(1029,'p008','2021-10-11',0.27),(1029,'p009','2021-12-05',0.80),(1029,'p010','2021-10-07',4.98),(1029,'p011','2022-01-07',10.00),(1029,'p012','2022-02-06',5.84),(1029,'p013','2021-10-09',8.34),(1029,'p014','2022-01-26',2.93),(1029,'p015','2022-02-28',9.77),(1029,'p016','2022-02-22',2.10),(1029,'p017','2022-02-11',0.79),(1029,'p018','2022-01-29',6.01),(1029,'p019','2021-12-17',1.70),(1029,'p020','2021-11-13',0.54),(1029,'p021','2021-11-08',6.75),(1029,'p022','2022-02-05',0.88),(1029,'p023','2021-10-27',8.73),(1029,'p024','2021-12-04',2.56),(1029,'p025','2021-10-18',9.22),(1029,'p026','2022-02-06',4.48),(1029,'p027','2022-01-03',5.56),(1029,'p028','2021-12-20',6.02),(1029,'p029','2021-10-18',6.61),(1029,'p030','2021-11-12',1.68),(1029,'p031','2022-02-26',1.85),(1029,'p032','2021-11-22',4.87),(1029,'p033','2021-12-01',0.61),(1029,'p034','2021-10-21',0.06),(1029,'p035','2022-02-16',10.00),(1029,'p036','2022-01-25',1.12),(1029,'p037','2022-02-16',2.94),(1029,'p038','2022-01-23',5.21),(1029,'p039','2021-10-14',7.74),(1029,'p040','2021-09-28',8.71),(1029,'p041','2022-01-08',6.35),(1029,'p042','2021-10-01',10.00),(1029,'p043','2021-10-08',1.54),(1029,'p044','2021-11-07',10.00),(1029,'p045','2021-11-17',5.81),(1029,'p046','2022-02-07',0.58),(1029,'p047','2022-02-22',7.47),(1029,'p048','2022-03-04',4.67),(1029,'p049','2022-02-04',2.69),(1029,'p050','2021-12-29',3.31),(1030,'p001','2021-12-24',3.04),(1030,'p002','2021-12-25',5.47),(1030,'p003','2021-10-17',8.74),(1030,'p004','2021-12-25',2.49),(1030,'p005','2021-10-29',7.22),(1030,'p006','2021-12-03',4.23),(1030,'p007','2021-10-19',8.29),(1030,'p008','2021-12-28',10.00),(1030,'p009','2021-11-15',2.28),(1030,'p010','2021-12-16',0.99),(1030,'p011','2021-10-12',5.76),(1030,'p012','2022-02-07',2.35),(1030,'p013','2022-02-24',10.00),(1030,'p014','2021-11-24',3.73),(1030,'p015','2022-01-08',0.82),(1030,'p016','2021-11-02',2.77),(1030,'p017','2021-10-03',6.14),(1030,'p018','2022-02-19',8.62),(1030,'p019','2022-01-11',1.87),(1030,'p020','2022-02-09',6.61),(1030,'p021','2021-10-14',6.35),(1030,'p022','2021-10-14',2.13),(1030,'p023','2021-12-06',4.08),(1030,'p024','2021-12-20',6.77),(1030,'p025','2021-11-25',6.54),(1030,'p026','2021-12-07',5.48),(1030,'p027','2021-12-31',5.19),(1030,'p028','2022-01-08',1.15),(1030,'p029','2021-12-27',3.28),(1030,'p030','2021-11-18',9.58),(1030,'p031','2021-11-09',1.10),(1030,'p032','2022-01-15',1.91),(1030,'p033','2021-12-09',5.44),(1030,'p034','2021-12-14',5.51),(1030,'p035','2022-01-06',10.00),(1030,'p036','2021-10-29',7.21),(1030,'p037','2022-02-27',3.99),(1030,'p038','2021-11-27',6.79),(1030,'p039','2021-10-16',2.59),(1030,'p040','2022-03-04',7.08),(1030,'p041','2021-10-20',5.60),(1030,'p042','2021-11-02',0.41),(1030,'p043','2021-10-06',2.66),(1030,'p044','2021-11-21',3.55),(1030,'p045','2021-11-25',5.63),(1030,'p046','2021-10-29',8.81),(1030,'p047','2022-02-01',10.00),(1030,'p048','2022-02-15',2.96),(1030,'p049','2021-11-13',8.22),(1030,'p050','2022-01-18',5.81),(1031,'p001','2022-02-23',4.98),(1031,'p002','2022-02-03',4.54),(1031,'p003','2022-01-04',5.20),(1031,'p004','2021-10-24',4.72),(1031,'p005','2021-10-10',6.30),(1031,'p006','2022-01-30',9.83),(1031,'p007','2022-01-28',9.13),(1031,'p008','2021-11-08',7.36),(1031,'p009','2021-09-29',3.09),(1031,'p010','2021-09-29',6.96),(1031,'p011','2021-10-08',0.41),(1031,'p012','2021-12-01',3.09),(1031,'p013','2021-10-30',10.00),(1031,'p014','2021-10-25',0.53),(1031,'p015','2022-01-11',4.72),(1031,'p016','2021-10-01',0.81),(1031,'p017','2021-10-07',10.00),(1031,'p018','2021-11-18',10.00),(1031,'p019','2021-10-16',9.29),(1031,'p020','2021-12-05',10.00),(1031,'p021','2022-01-25',5.04),(1031,'p022','2022-01-14',10.00),(1031,'p023','2022-01-31',10.00),(1031,'p024','2021-11-14',6.66),(1031,'p025','2022-02-15',8.39),(1031,'p026','2021-10-18',8.79),(1031,'p027','2022-02-05',4.70),(1031,'p028','2021-12-18',0.71),(1031,'p029','2022-01-26',2.90),(1031,'p030','2022-01-06',1.92),(1031,'p031','2022-01-10',4.22),(1031,'p032','2021-09-30',3.53),(1031,'p033','2021-10-16',9.79),(1031,'p034','2021-09-26',5.21),(1031,'p035','2021-10-14',4.78),(1031,'p036','2021-10-11',6.01),(1031,'p037','2021-11-10',5.36),(1031,'p038','2022-01-21',5.09),(1031,'p039','2021-12-03',1.59),(1031,'p040','2022-01-30',1.12),(1031,'p041','2022-03-04',5.41),(1031,'p042','2021-10-13',3.61),(1031,'p043','2021-12-29',3.67),(1031,'p044','2021-11-16',4.49),(1031,'p045','2021-11-12',10.00),(1031,'p046','2021-11-24',8.17),(1031,'p047','2022-02-07',10.00),(1031,'p048','2022-03-01',3.30),(1031,'p049','2021-11-20',0.08),(1031,'p050','2021-10-30',3.57),(1032,'p001','2022-02-17',1.34),(1032,'p002','2021-12-11',4.12),(1032,'p003','2022-01-24',9.12),(1032,'p004','2021-11-16',1.26),(1032,'p005','2022-02-10',10.00),(1032,'p006','2021-10-21',5.71),(1032,'p007','2021-12-15',10.00),(1032,'p008','2022-02-07',8.50),(1032,'p009','2021-12-20',5.24),(1032,'p010','2022-01-27',2.48),(1032,'p011','2021-12-27',0.01),(1032,'p012','2021-11-20',4.72),(1032,'p013','2021-12-19',5.15),(1032,'p014','2021-10-27',9.63),(1032,'p015','2022-02-08',5.35),(1032,'p016','2021-12-19',1.49),(1032,'p017','2022-02-27',3.13),(1032,'p018','2021-10-20',3.56),(1032,'p019','2021-11-27',5.73),(1032,'p020','2022-01-28',1.96),(1032,'p021','2021-12-02',5.54),(1032,'p022','2021-10-15',5.56),(1032,'p023','2021-10-02',0.60),(1032,'p024','2021-10-02',10.00),(1032,'p025','2021-12-16',1.63),(1032,'p026','2021-12-27',7.75),(1032,'p027','2021-11-23',9.68),(1032,'p028','2021-10-12',3.16),(1032,'p029','2021-11-24',3.67),(1032,'p030','2021-10-27',5.29),(1032,'p031','2021-10-10',4.42),(1032,'p032','2021-11-12',5.92),(1032,'p033','2021-10-23',5.10),(1032,'p034','2022-01-02',5.35),(1032,'p035','2021-12-10',3.70),(1032,'p036','2022-02-28',5.35),(1032,'p037','2022-01-17',10.00),(1032,'p038','2021-12-10',2.67),(1032,'p039','2022-03-02',7.00),(1032,'p040','2021-10-13',1.57),(1032,'p041','2021-12-23',8.47),(1032,'p042','2021-09-29',9.91),(1032,'p043','2021-12-25',1.87),(1032,'p044','2022-03-02',9.46),(1032,'p045','2021-10-26',1.06),(1032,'p046','2021-10-23',9.94),(1032,'p047','2022-01-18',6.04),(1032,'p048','2021-12-24',3.17),(1032,'p049','2022-02-18',4.64),(1032,'p050','2022-01-19',4.71),(1033,'p001','2022-01-12',2.74),(1033,'p002','2022-01-15',4.36),(1033,'p003','2021-12-30',5.62),(1033,'p004','2021-12-09',3.50),(1033,'p005','2021-12-18',4.82),(1033,'p006','2022-02-20',9.10),(1033,'p007','2021-12-16',5.16),(1033,'p008','2021-12-31',7.31),(1033,'p009','2021-09-27',5.89),(1033,'p010','2021-12-22',6.55),(1033,'p011','2021-11-06',7.56),(1033,'p012','2022-02-04',6.79),(1033,'p013','2021-10-08',2.23),(1033,'p014','2021-10-01',2.28),(1033,'p015','2021-10-01',4.18),(1033,'p016','2022-01-21',10.00),(1033,'p017','2022-01-12',8.17),(1033,'p018','2022-02-19',5.00),(1033,'p019','2021-11-01',3.23),(1033,'p020','2022-01-27',6.56),(1033,'p021','2021-10-28',5.04),(1033,'p022','2021-10-12',10.00),(1033,'p023','2021-12-31',8.85),(1033,'p024','2022-03-04',0.96),(1033,'p025','2022-01-19',10.00),(1033,'p026','2022-01-22',2.17),(1033,'p027','2021-12-14',9.72),(1033,'p028','2021-11-04',9.80),(1033,'p029','2021-10-28',10.00),(1033,'p030','2022-03-04',6.20),(1033,'p031','2022-01-19',2.03),(1033,'p032','2021-11-30',3.70),(1033,'p033','2021-10-21',8.89),(1033,'p034','2022-01-17',10.00),(1033,'p035','2022-02-17',5.33),(1033,'p036','2022-01-06',3.65),(1033,'p037','2022-02-17',5.41),(1033,'p038','2021-11-23',4.99),(1033,'p039','2022-02-10',8.69),(1033,'p040','2022-02-25',8.77),(1033,'p041','2021-12-14',2.28),(1033,'p042','2021-12-02',1.90),(1033,'p043','2021-12-07',2.55),(1033,'p044','2022-01-23',7.42),(1033,'p045','2022-02-24',10.00),(1033,'p046','2022-02-26',5.44),(1033,'p047','2021-10-11',9.51),(1033,'p048','2022-02-12',8.52),(1033,'p049','2021-10-21',10.00),(1033,'p050','2022-01-15',2.43),(1034,'p001','2022-01-19',6.99),(1034,'p002','2022-02-21',1.79),(1034,'p003','2022-01-07',2.67),(1034,'p004','2021-09-26',0.15),(1034,'p005','2021-11-02',5.75),(1034,'p006','2021-10-11',0.50),(1034,'p007','2021-10-16',10.00),(1034,'p008','2022-02-11',7.38),(1034,'p009','2021-11-13',9.77),(1034,'p010','2021-11-26',3.09),(1034,'p011','2022-01-28',0.60),(1034,'p012','2021-12-08',9.53),(1034,'p013','2022-01-23',7.06),(1034,'p014','2022-02-11',0.61),(1034,'p015','2021-09-26',9.25),(1034,'p016','2021-11-02',1.16),(1034,'p017','2021-11-04',6.06),(1034,'p018','2022-03-01',8.08),(1034,'p019','2022-02-08',9.79),(1034,'p020','2022-01-15',7.91),(1034,'p021','2021-10-10',1.90),(1034,'p022','2022-02-11',8.45),(1034,'p023','2021-10-21',8.82),(1034,'p024','2021-12-26',9.64),(1034,'p025','2021-10-13',6.88),(1034,'p026','2022-01-31',4.50),(1034,'p027','2021-10-11',9.48),(1034,'p028','2022-01-31',3.85),(1034,'p029','2021-12-18',5.32),(1034,'p030','2021-10-25',4.33),(1034,'p031','2022-02-18',9.84),(1034,'p032','2021-10-10',6.02),(1034,'p033','2021-12-11',2.05),(1034,'p034','2022-02-21',4.41),(1034,'p035','2022-02-12',2.02),(1034,'p036','2021-12-01',10.00),(1034,'p037','2022-02-04',4.43),(1034,'p038','2022-01-06',4.80),(1034,'p039','2021-12-09',3.20),(1034,'p040','2021-10-19',9.54),(1034,'p041','2021-12-10',0.18),(1034,'p042','2022-02-10',1.87),(1034,'p043','2021-12-12',9.71),(1034,'p044','2021-11-25',0.82),(1034,'p045','2021-11-06',8.47),(1034,'p046','2022-01-07',2.95),(1034,'p047','2021-11-26',5.29),(1034,'p048','2021-12-16',1.36),(1034,'p049','2022-02-01',1.62),(1034,'p050','2022-01-31',3.82),(1035,'p001','2022-01-08',9.23),(1035,'p002','2021-11-28',5.76),(1035,'p003','2022-02-09',0.21),(1035,'p004','2022-02-18',4.40),(1035,'p005','2022-01-14',10.00),(1035,'p006','2021-12-12',4.75),(1035,'p007','2022-02-18',7.11),(1035,'p008','2021-10-02',8.48),(1035,'p009','2022-01-08',0.63),(1035,'p010','2021-12-04',10.00),(1035,'p011','2021-11-28',9.39),(1035,'p012','2021-11-12',9.99),(1035,'p013','2021-12-21',4.08),(1035,'p014','2021-10-16',2.21),(1035,'p015','2022-01-29',6.23),(1035,'p016','2022-01-28',8.77),(1035,'p017','2021-12-16',8.66),(1035,'p018','2021-11-26',9.56),(1035,'p019','2021-09-27',3.06),(1035,'p020','2021-11-14',3.34),(1035,'p021','2022-02-11',1.79),(1035,'p022','2021-12-23',10.00),(1035,'p023','2021-12-18',10.00),(1035,'p024','2022-02-16',9.67),(1035,'p025','2021-12-22',4.29),(1035,'p026','2021-12-23',0.10),(1035,'p027','2021-11-28',4.72),(1035,'p028','2022-02-11',6.97),(1035,'p029','2021-09-29',4.79),(1035,'p030','2021-12-11',4.57),(1035,'p031','2022-01-31',3.67),(1035,'p032','2022-03-04',4.19),(1035,'p033','2022-01-05',3.05),(1035,'p034','2021-10-30',7.94),(1035,'p035','2021-12-09',1.43),(1035,'p036','2021-10-10',8.07),(1035,'p037','2021-12-16',2.64),(1035,'p038','2022-02-16',2.26),(1035,'p039','2021-10-18',4.55),(1035,'p040','2021-10-30',3.39),(1035,'p041','2021-12-14',5.01),(1035,'p042','2021-12-24',7.57),(1035,'p043','2021-10-17',7.59),(1035,'p044','2021-12-12',3.87),(1035,'p045','2021-11-25',8.85),(1035,'p046','2022-01-17',7.17),(1035,'p047','2021-12-04',4.05),(1035,'p048','2022-02-08',4.27),(1035,'p049','2022-02-09',3.36),(1035,'p050','2022-02-12',6.73),(1036,'p001','2022-02-09',2.52),(1036,'p002','2021-10-25',5.47),(1036,'p003','2021-11-21',1.92),(1036,'p004','2021-11-06',5.39),(1036,'p005','2022-03-04',0.57),(1036,'p006','2021-11-26',8.68),(1036,'p007','2021-10-03',9.12),(1036,'p008','2021-09-28',6.67),(1036,'p009','2022-01-23',1.11),(1036,'p010','2022-01-21',3.67),(1036,'p011','2021-12-21',7.98),(1036,'p012','2021-12-25',5.07),(1036,'p013','2021-12-18',3.01),(1036,'p014','2022-01-02',3.46),(1036,'p015','2022-02-04',2.08),(1036,'p016','2022-01-12',2.21),(1036,'p017','2021-12-19',0.09),(1036,'p018','2021-12-14',9.92),(1036,'p019','2021-12-27',3.11),(1036,'p020','2021-12-23',3.40),(1036,'p021','2021-12-30',5.95),(1036,'p022','2022-01-13',8.54),(1036,'p023','2021-12-07',8.08),(1036,'p024','2022-02-18',8.91),(1036,'p025','2021-11-30',8.61),(1036,'p026','2021-11-12',5.45),(1036,'p027','2022-01-10',4.38),(1036,'p028','2021-11-03',9.75),(1036,'p029','2022-01-24',10.00),(1036,'p030','2021-12-11',3.83),(1036,'p031','2022-02-23',3.25),(1036,'p032','2021-10-13',3.48),(1036,'p033','2022-01-18',6.52),(1036,'p034','2022-01-23',1.18),(1036,'p035','2022-02-25',9.11),(1036,'p036','2021-10-03',6.11),(1036,'p037','2021-11-08',10.00),(1036,'p038','2021-11-09',10.00),(1036,'p039','2021-12-15',2.77),(1036,'p040','2022-02-01',0.60),(1036,'p041','2021-11-01',5.54),(1036,'p042','2022-02-13',6.08),(1036,'p043','2021-10-20',1.81),(1036,'p044','2022-01-29',0.25),(1036,'p045','2022-02-08',3.92),(1036,'p046','2022-01-02',10.00),(1036,'p047','2022-02-08',7.30),(1036,'p048','2021-12-17',2.82),(1036,'p049','2022-02-20',5.31),(1036,'p050','2021-11-18',5.51),(1037,'p001','2021-11-13',8.81),(1037,'p002','2022-02-25',8.15),(1037,'p003','2021-10-06',1.70),(1037,'p004','2022-01-25',7.87),(1037,'p005','2022-01-23',1.27),(1037,'p006','2022-02-17',1.25),(1037,'p007','2022-01-18',10.00),(1037,'p008','2022-02-19',6.46),(1037,'p009','2021-11-06',4.51),(1037,'p010','2021-10-15',4.43),(1037,'p011','2022-01-22',1.24),(1037,'p012','2021-09-26',6.50),(1037,'p013','2021-10-05',9.58),(1037,'p014','2021-12-27',1.96),(1037,'p015','2021-12-28',5.46),(1037,'p016','2022-02-24',7.17),(1037,'p017','2021-11-25',0.81),(1037,'p018','2022-03-04',3.44),(1037,'p019','2022-02-10',9.48),(1037,'p020','2022-01-30',1.45),(1037,'p021','2021-12-16',9.04),(1037,'p022','2021-10-05',4.23),(1037,'p023','2022-02-26',10.00),(1037,'p024','2021-10-30',5.42),(1037,'p025','2022-02-10',3.96),(1037,'p026','2022-01-05',3.67),(1037,'p027','2021-09-28',7.89),(1037,'p028','2022-02-07',1.62),(1037,'p029','2021-10-14',7.03),(1037,'p030','2022-02-03',9.62),(1037,'p031','2022-01-15',6.80),(1037,'p032','2021-10-10',6.50),(1037,'p033','2022-02-15',8.48),(1037,'p034','2021-10-31',6.07),(1037,'p035','2022-03-03',6.30),(1037,'p036','2021-10-08',10.00),(1037,'p037','2021-12-20',5.91),(1037,'p038','2021-10-31',10.00),(1037,'p039','2021-11-02',0.64),(1037,'p040','2021-11-15',2.86),(1037,'p041','2022-02-01',5.14),(1037,'p042','2021-12-31',3.46),(1037,'p043','2022-01-18',10.00),(1037,'p044','2021-12-20',2.97),(1037,'p045','2022-01-12',5.98),(1037,'p046','2021-11-09',7.48),(1037,'p047','2021-10-18',3.30),(1037,'p048','2021-10-22',4.31),(1037,'p049','2022-02-04',4.78),(1037,'p050','2021-12-14',0.23),(1038,'p001','2021-10-10',1.69),(1038,'p002','2021-12-04',6.72),(1038,'p003','2021-10-01',4.03),(1038,'p004','2021-10-17',2.08),(1038,'p005','2021-10-25',7.97),(1038,'p006','2022-01-19',0.67),(1038,'p007','2021-10-23',3.52),(1038,'p008','2021-11-13',7.81),(1038,'p009','2021-10-24',9.74),(1038,'p010','2022-01-04',7.21),(1038,'p011','2021-10-29',6.77),(1038,'p012','2021-09-30',0.99),(1038,'p013','2021-12-08',0.93),(1038,'p014','2021-11-26',6.06),(1038,'p015','2022-01-24',8.05),(1038,'p016','2022-02-15',6.46),(1038,'p017','2021-12-13',3.69),(1038,'p018','2021-12-06',9.21),(1038,'p019','2021-10-14',9.19),(1038,'p020','2022-02-28',8.12),(1038,'p021','2021-11-21',8.27),(1038,'p022','2022-02-17',3.48),(1038,'p023','2021-10-27',0.74),(1038,'p024','2022-02-15',0.71),(1038,'p025','2022-01-03',8.85),(1038,'p026','2021-12-02',9.77),(1038,'p027','2021-11-22',0.42),(1038,'p028','2022-01-23',9.03),(1038,'p029','2021-12-06',9.16),(1038,'p030','2021-10-24',5.48),(1038,'p031','2022-02-02',0.92),(1038,'p032','2022-01-26',4.24),(1038,'p033','2021-12-10',3.51),(1038,'p034','2021-12-25',5.70),(1038,'p035','2021-10-23',4.70),(1038,'p036','2021-09-29',0.57),(1038,'p037','2022-01-17',9.13),(1038,'p038','2022-01-17',7.53),(1038,'p039','2022-03-04',9.33),(1038,'p040','2022-01-24',4.93),(1038,'p041','2021-11-04',3.96),(1038,'p042','2022-01-01',0.07),(1038,'p043','2021-10-31',1.29),(1038,'p044','2021-10-04',10.00),(1038,'p045','2021-11-04',1.39),(1038,'p046','2022-01-26',1.53),(1038,'p047','2021-10-07',8.11),(1038,'p048','2021-12-20',1.59),(1038,'p049','2021-11-22',10.00),(1038,'p050','2021-11-30',9.83),(1039,'p001','2022-02-27',7.84),(1039,'p002','2022-01-07',10.00),(1039,'p003','2021-10-06',6.39),(1039,'p004','2022-01-09',1.62),(1039,'p005','2022-02-03',8.09),(1039,'p006','2021-12-20',1.58),(1039,'p007','2022-02-13',7.26),(1039,'p008','2021-12-20',2.30),(1039,'p009','2021-10-02',1.51),(1039,'p010','2022-02-07',9.25),(1039,'p011','2021-11-12',7.43),(1039,'p012','2021-12-09',4.32),(1039,'p013','2021-10-27',8.41),(1039,'p014','2021-10-11',9.55),(1039,'p015','2021-10-07',4.97),(1039,'p016','2021-11-27',3.14),(1039,'p017','2022-02-10',7.75),(1039,'p018','2021-12-11',1.10),(1039,'p019','2021-12-10',1.29),(1039,'p020','2021-11-27',9.29),(1039,'p021','2021-10-23',9.72),(1039,'p022','2022-01-15',6.13),(1039,'p023','2021-10-07',4.81),(1039,'p024','2021-09-26',8.75),(1039,'p025','2021-10-13',0.56),(1039,'p026','2021-11-11',9.65),(1039,'p027','2022-01-19',3.09),(1039,'p028','2022-01-08',3.03),(1039,'p029','2021-12-12',0.80),(1039,'p030','2022-03-02',6.56),(1039,'p031','2021-10-19',0.30),(1039,'p032','2022-01-26',0.07),(1039,'p033','2022-03-02',1.37),(1039,'p034','2022-01-18',9.66),(1039,'p035','2021-11-21',10.00),(1039,'p036','2022-01-13',4.79),(1039,'p037','2022-01-18',10.00),(1039,'p038','2021-12-07',7.51),(1039,'p039','2022-01-27',6.62),(1039,'p040','2021-12-13',2.11),(1039,'p041','2021-12-07',7.07),(1039,'p042','2021-10-17',3.23),(1039,'p043','2022-01-23',9.87),(1039,'p044','2021-10-27',2.39),(1039,'p045','2022-01-03',5.60),(1039,'p046','2021-09-27',5.85),(1039,'p047','2021-10-11',3.38),(1039,'p048','2022-01-10',2.49),(1039,'p049','2021-11-23',4.74),(1039,'p050','2021-11-13',8.77),(1040,'p001','2021-12-21',1.85),(1040,'p002','2021-11-23',3.75),(1040,'p003','2022-02-17',8.16),(1040,'p004','2021-11-11',1.21),(1040,'p005','2022-02-11',4.97),(1040,'p006','2022-01-12',1.95),(1040,'p007','2021-10-07',7.32),(1040,'p008','2021-11-22',6.46),(1040,'p009','2021-10-26',7.04),(1040,'p010','2021-11-09',0.89),(1040,'p011','2022-01-21',3.35),(1040,'p012','2022-01-05',7.12),(1040,'p013','2021-12-28',8.58),(1040,'p014','2021-11-24',6.03),(1040,'p015','2021-12-19',10.00),(1040,'p016','2021-11-29',1.52),(1040,'p017','2022-02-17',4.10),(1040,'p018','2021-10-06',4.07),(1040,'p019','2022-03-02',7.96),(1040,'p020','2022-01-01',4.54),(1040,'p021','2021-10-06',0.30),(1040,'p022','2021-10-14',8.22),(1040,'p023','2021-12-30',7.73),(1040,'p024','2021-09-28',5.90),(1040,'p025','2021-12-02',8.04),(1040,'p026','2022-01-22',7.43),(1040,'p027','2021-12-04',10.00),(1040,'p028','2022-01-10',9.30),(1040,'p029','2021-10-24',9.87),(1040,'p030','2021-10-07',9.35),(1040,'p031','2021-12-03',8.52),(1040,'p032','2022-01-10',7.23),(1040,'p033','2021-12-02',5.53),(1040,'p034','2021-12-09',0.27),(1040,'p035','2021-10-16',5.08),(1040,'p036','2022-01-27',8.98),(1040,'p037','2021-10-24',3.44),(1040,'p038','2021-11-01',8.92),(1040,'p039','2022-01-12',8.82),(1040,'p040','2021-12-25',6.71),(1040,'p041','2021-12-02',10.00),(1040,'p042','2021-10-14',5.81),(1040,'p043','2021-11-06',0.04),(1040,'p044','2021-11-15',8.48),(1040,'p045','2021-12-28',5.95),(1040,'p046','2021-11-14',9.35),(1040,'p047','2021-10-23',2.24),(1040,'p048','2022-02-11',10.00),(1040,'p049','2022-01-23',10.00),(1040,'p050','2021-10-11',1.20),(1041,'p001','2021-12-21',8.70),(1041,'p002','2021-10-25',0.45),(1041,'p003','2021-12-27',9.58),(1041,'p004','2021-12-28',8.37),(1041,'p005','2021-10-17',10.00),(1041,'p006','2021-10-08',0.90),(1041,'p007','2021-12-08',7.82),(1041,'p008','2022-03-03',2.99),(1041,'p009','2021-11-01',10.00),(1041,'p010','2022-01-25',10.00),(1041,'p011','2021-11-09',7.76),(1041,'p012','2022-02-09',8.55),(1041,'p013','2021-11-19',10.00),(1041,'p014','2021-10-19',6.72),(1041,'p015','2021-12-02',9.98),(1041,'p016','2021-10-12',0.69),(1041,'p017','2021-12-03',8.16),(1041,'p018','2022-02-25',1.43),(1041,'p019','2021-12-02',7.72),(1041,'p020','2021-10-12',2.58),(1041,'p021','2022-01-11',6.19),(1041,'p022','2022-02-19',2.05),(1041,'p023','2022-01-14',4.69),(1041,'p024','2021-11-07',0.50),(1041,'p025','2021-10-07',4.78),(1041,'p026','2021-11-29',10.00),(1041,'p027','2022-01-22',3.61),(1041,'p028','2022-01-27',6.52),(1041,'p029','2022-03-01',4.43),(1041,'p030','2021-12-19',8.71),(1041,'p031','2022-02-07',5.18),(1041,'p032','2022-01-19',4.70),(1041,'p033','2021-10-29',4.79),(1041,'p034','2021-12-10',6.32),(1041,'p035','2021-11-12',1.30),(1041,'p036','2021-12-29',6.55),(1041,'p037','2022-02-18',5.81),(1041,'p038','2021-11-06',2.94),(1041,'p039','2022-02-25',8.97),(1041,'p040','2021-11-06',9.58),(1041,'p041','2022-02-15',7.03),(1041,'p042','2021-09-26',4.42),(1041,'p043','2021-10-27',0.00),(1041,'p044','2021-10-27',7.60),(1041,'p045','2021-12-20',7.75),(1041,'p046','2022-02-03',4.10),(1041,'p047','2021-12-08',1.16),(1041,'p048','2021-12-02',9.95),(1041,'p049','2022-02-11',7.99),(1041,'p050','2021-10-20',9.99),(1042,'p001','2021-12-02',5.73),(1042,'p002','2021-11-02',7.88),(1042,'p003','2022-02-17',9.57),(1042,'p004','2021-12-07',5.12),(1042,'p005','2022-01-27',2.78),(1042,'p006','2021-11-22',10.00),(1042,'p007','2021-10-07',5.72),(1042,'p008','2022-01-09',9.81),(1042,'p009','2022-01-09',10.00),(1042,'p010','2022-02-13',7.54),(1042,'p011','2022-01-06',7.38),(1042,'p012','2021-12-22',10.00),(1042,'p013','2021-11-07',9.40),(1042,'p014','2021-12-14',7.46),(1042,'p015','2021-10-28',2.84),(1042,'p016','2021-11-24',10.00),(1042,'p017','2021-09-26',8.29),(1042,'p018','2021-12-14',1.53),(1042,'p019','2021-10-30',9.06),(1042,'p020','2021-12-16',8.20),(1042,'p021','2021-10-23',5.02),(1042,'p022','2021-11-16',9.03),(1042,'p023','2022-01-29',8.60),(1042,'p024','2022-02-27',0.31),(1042,'p025','2021-12-31',7.45),(1042,'p026','2021-10-05',9.70),(1042,'p027','2021-10-18',3.45),(1042,'p028','2022-01-18',7.19),(1042,'p029','2021-10-02',6.38),(1042,'p030','2021-12-06',4.29),(1042,'p031','2021-10-15',10.00),(1042,'p032','2022-01-16',2.30),(1042,'p033','2021-10-25',8.35),(1042,'p034','2022-01-18',7.59),(1042,'p035','2021-12-16',0.97),(1042,'p036','2021-11-04',10.00),(1042,'p037','2022-01-06',2.45),(1042,'p038','2022-02-14',8.66),(1042,'p039','2021-10-04',3.10),(1042,'p040','2022-02-11',0.74),(1042,'p041','2021-10-17',4.57),(1042,'p042','2022-03-01',9.79),(1042,'p043','2021-11-30',10.00),(1042,'p044','2022-02-24',2.23),(1042,'p045','2022-02-12',5.72),(1042,'p046','2022-01-13',4.86),(1042,'p047','2021-10-12',1.88),(1042,'p048','2021-10-29',2.51),(1042,'p049','2022-01-26',10.00),(1042,'p050','2021-09-26',2.98),(1043,'p001','2021-10-17',8.56),(1043,'p002','2022-01-19',2.75),(1043,'p003','2022-02-22',7.72),(1043,'p004','2021-11-16',0.08),(1043,'p005','2021-12-02',1.52),(1043,'p006','2021-10-10',7.08),(1043,'p007','2021-10-26',5.38),(1043,'p008','2021-12-25',5.59),(1043,'p009','2021-11-29',2.21),(1043,'p010','2022-02-21',3.43),(1043,'p011','2022-01-18',4.47),(1043,'p012','2022-01-06',10.00),(1043,'p013','2022-02-22',8.53),(1043,'p014','2021-10-14',4.37),(1043,'p015','2021-10-11',8.23),(1043,'p016','2021-10-16',5.61),(1043,'p017','2021-10-31',6.98),(1043,'p018','2022-02-04',5.30),(1043,'p019','2021-11-03',3.70),(1043,'p020','2022-01-22',0.63),(1043,'p021','2021-10-28',6.66),(1043,'p022','2022-02-20',10.00),(1043,'p023','2022-01-20',0.21),(1043,'p024','2022-02-25',1.46),(1043,'p025','2022-02-01',10.00),(1043,'p026','2021-12-02',2.70),(1043,'p027','2021-09-27',0.18),(1043,'p028','2021-12-29',1.01),(1043,'p029','2022-02-28',4.41),(1043,'p030','2022-01-16',3.29),(1043,'p031','2022-01-15',6.10),(1043,'p032','2022-02-08',1.52),(1043,'p033','2022-01-06',5.56),(1043,'p034','2021-11-28',10.00),(1043,'p035','2021-09-29',6.86),(1043,'p036','2021-11-23',2.48),(1043,'p037','2022-02-27',5.34),(1043,'p038','2021-12-01',6.12),(1043,'p039','2021-12-03',0.18),(1043,'p040','2021-10-07',4.81),(1043,'p041','2021-12-18',1.71),(1043,'p042','2022-01-01',3.16),(1043,'p043','2022-02-25',3.83),(1043,'p044','2021-10-19',7.04),(1043,'p045','2022-01-28',5.91),(1043,'p046','2022-01-20',0.47),(1043,'p047','2022-02-06',3.45),(1043,'p048','2021-11-01',2.07),(1043,'p049','2022-01-24',3.06),(1043,'p050','2022-01-06',10.00),(1044,'p001','2022-01-17',1.15),(1044,'p002','2021-12-28',3.42),(1044,'p003','2022-01-12',5.49),(1044,'p004','2021-09-26',10.00),(1044,'p005','2021-10-03',3.90),(1044,'p006','2021-12-16',5.72),(1044,'p007','2022-03-02',6.77),(1044,'p008','2022-01-27',6.84),(1044,'p009','2022-01-28',5.40),(1044,'p010','2022-01-09',8.41),(1044,'p011','2022-02-04',7.53),(1044,'p012','2021-10-31',10.00),(1044,'p013','2021-11-16',0.52),(1044,'p014','2022-01-11',4.92),(1044,'p015','2022-02-28',9.83),(1044,'p016','2021-10-06',1.54),(1044,'p017','2021-10-21',3.17),(1044,'p018','2021-10-16',9.88),(1044,'p019','2021-12-30',10.00),(1044,'p020','2021-12-13',4.21),(1044,'p021','2021-11-22',4.36),(1044,'p022','2022-01-01',1.95),(1044,'p023','2022-01-19',3.63),(1044,'p024','2021-12-09',3.01),(1044,'p025','2022-01-27',2.80),(1044,'p026','2021-12-15',8.13),(1044,'p027','2022-02-15',5.34),(1044,'p028','2022-01-27',9.57),(1044,'p029','2021-10-08',4.48),(1044,'p030','2021-11-26',1.91),(1044,'p031','2021-10-18',6.95),(1044,'p032','2022-01-27',8.11),(1044,'p033','2021-12-21',8.61),(1044,'p034','2021-10-02',10.00),(1044,'p035','2022-02-03',0.67),(1044,'p036','2022-01-27',5.25),(1044,'p037','2022-01-09',2.52),(1044,'p038','2022-02-28',5.30),(1044,'p039','2022-01-05',8.66),(1044,'p040','2021-12-30',7.88),(1044,'p041','2022-01-09',2.42),(1044,'p042','2022-01-21',5.07),(1044,'p043','2021-11-29',10.00),(1044,'p044','2021-11-20',3.73),(1044,'p045','2022-02-28',5.91),(1044,'p046','2021-12-31',9.30),(1044,'p047','2022-02-21',4.59),(1044,'p048','2021-11-25',5.85),(1044,'p049','2021-11-22',4.19),(1044,'p050','2021-10-25',1.66),(1045,'p001','2021-11-19',10.00),(1045,'p002','2022-01-12',7.29),(1045,'p003','2021-12-09',1.85),(1045,'p004','2021-11-03',10.00),(1045,'p005','2021-10-10',5.37),(1045,'p006','2022-02-11',1.06),(1045,'p007','2022-02-28',3.19),(1045,'p008','2021-12-27',2.72),(1045,'p009','2021-10-27',5.81),(1045,'p010','2021-10-27',8.01),(1045,'p011','2021-10-14',3.92),(1045,'p012','2021-12-15',6.44),(1045,'p013','2022-01-29',10.00),(1045,'p014','2022-01-23',10.00),(1045,'p015','2022-01-01',2.83),(1045,'p016','2021-10-11',0.85),(1045,'p017','2021-10-07',8.44),(1045,'p018','2021-10-14',8.03),(1045,'p019','2021-11-05',8.38),(1045,'p020','2022-01-02',8.36),(1045,'p021','2022-02-24',0.94),(1045,'p022','2021-11-09',0.67),(1045,'p023','2021-10-24',1.17),(1045,'p024','2021-11-02',0.12),(1045,'p025','2021-12-01',1.68),(1045,'p026','2022-01-30',9.21),(1045,'p027','2022-02-15',0.91),(1045,'p028','2021-11-19',7.68),(1045,'p029','2022-01-20',1.35),(1045,'p030','2022-03-01',6.64),(1045,'p031','2021-12-01',0.15),(1045,'p032','2021-09-26',8.44),(1045,'p033','2021-12-09',3.53),(1045,'p034','2021-11-01',0.75),(1045,'p035','2021-11-05',5.95),(1045,'p036','2021-11-13',0.53),(1045,'p037','2022-02-11',10.00),(1045,'p038','2022-01-12',1.75),(1045,'p039','2021-10-22',8.88),(1045,'p040','2022-01-05',7.37),(1045,'p041','2022-02-18',8.55),(1045,'p042','2021-12-13',1.93),(1045,'p043','2021-10-17',5.98),(1045,'p044','2021-11-06',7.63),(1045,'p045','2021-11-29',4.14),(1045,'p046','2022-02-26',7.40),(1045,'p047','2021-10-16',1.27),(1045,'p048','2021-10-27',4.54),(1045,'p049','2021-09-29',8.13),(1045,'p050','2022-01-15',0.73),(1046,'p001','2021-10-06',8.02),(1046,'p002','2022-01-06',8.78),(1046,'p003','2022-01-25',7.75),(1046,'p004','2021-12-26',3.52),(1046,'p005','2021-11-11',1.05),(1046,'p006','2022-02-19',1.62),(1046,'p007','2022-01-04',10.00),(1046,'p008','2021-09-30',1.14),(1046,'p009','2022-01-25',6.85),(1046,'p010','2022-01-27',10.00),(1046,'p011','2022-02-10',6.83),(1046,'p012','2021-12-24',4.84),(1046,'p013','2022-03-04',2.59),(1046,'p014','2021-10-22',4.59),(1046,'p015','2022-02-13',9.35),(1046,'p016','2021-11-14',2.32),(1046,'p017','2022-02-23',10.00),(1046,'p018','2021-09-26',8.77),(1046,'p019','2021-12-02',6.46),(1046,'p020','2021-11-19',0.05),(1046,'p021','2022-01-21',0.72),(1046,'p022','2022-02-09',6.10),(1046,'p023','2022-02-20',0.67),(1046,'p024','2021-11-03',8.30),(1046,'p025','2022-03-02',6.68),(1046,'p026','2021-12-06',2.85),(1046,'p027','2022-02-18',2.33),(1046,'p028','2021-12-13',4.95),(1046,'p029','2021-10-26',7.43),(1046,'p030','2021-10-04',10.00),(1046,'p031','2022-01-11',6.43),(1046,'p032','2021-10-19',10.00),(1046,'p033','2022-03-04',0.63),(1046,'p034','2022-02-28',10.00),(1046,'p035','2021-12-19',8.10),(1046,'p036','2022-02-08',6.92),(1046,'p037','2021-12-12',6.85),(1046,'p038','2021-10-22',7.61),(1046,'p039','2021-12-09',2.85),(1046,'p040','2022-01-22',3.12),(1046,'p041','2021-11-24',8.74),(1046,'p042','2022-01-09',2.05),(1046,'p043','2022-02-13',10.00),(1046,'p044','2022-01-25',1.37),(1046,'p045','2022-02-18',3.58),(1046,'p046','2022-01-25',1.89),(1046,'p047','2021-10-02',4.87),(1046,'p048','2021-11-19',0.66),(1046,'p049','2021-11-02',6.80),(1046,'p050','2021-12-27',9.95),(1047,'p001','2021-10-21',0.23),(1047,'p002','2021-10-08',2.33),(1047,'p003','2021-10-28',9.68),(1047,'p004','2022-01-12',7.01),(1047,'p005','2022-01-09',4.64),(1047,'p006','2021-12-18',10.00),(1047,'p007','2021-10-31',10.00),(1047,'p008','2021-11-26',8.31),(1047,'p009','2022-01-01',0.93),(1047,'p010','2022-02-16',6.95),(1047,'p011','2021-11-14',6.41),(1047,'p012','2021-10-14',1.03),(1047,'p013','2022-02-06',1.29),(1047,'p014','2021-12-01',7.35),(1047,'p015','2021-10-15',9.16),(1047,'p016','2021-09-27',3.50),(1047,'p017','2021-11-02',9.61),(1047,'p018','2021-09-26',6.46),(1047,'p019','2022-01-30',3.29),(1047,'p020','2022-02-24',2.67),(1047,'p021','2021-12-09',5.27),(1047,'p022','2022-01-10',10.00),(1047,'p023','2022-02-20',2.16),(1047,'p024','2021-12-14',2.72),(1047,'p025','2021-09-26',1.90),(1047,'p026','2021-11-23',4.32),(1047,'p027','2021-10-30',3.08),(1047,'p028','2021-11-09',2.85),(1047,'p029','2021-10-03',8.11),(1047,'p030','2021-11-09',9.58),(1047,'p031','2021-10-04',10.00),(1047,'p032','2022-01-29',2.40),(1047,'p033','2022-01-19',2.28),(1047,'p034','2021-11-26',2.92),(1047,'p035','2022-01-21',1.44),(1047,'p036','2021-11-15',5.80),(1047,'p037','2021-12-03',10.00),(1047,'p038','2021-10-02',7.79),(1047,'p039','2021-11-15',7.21),(1047,'p040','2021-11-22',3.98),(1047,'p041','2022-02-17',1.09),(1047,'p042','2021-10-10',10.00),(1047,'p043','2021-12-18',5.32),(1047,'p044','2021-10-11',1.41),(1047,'p045','2022-01-06',8.86),(1047,'p046','2022-02-09',2.46),(1047,'p047','2022-01-09',4.16),(1047,'p048','2022-01-12',4.73),(1047,'p049','2021-10-29',1.06),(1047,'p050','2022-01-21',6.63),(1048,'p001','2021-12-02',9.18),(1048,'p002','2022-01-16',9.17),(1048,'p003','2022-03-04',4.16),(1048,'p004','2022-01-27',2.58),(1048,'p005','2022-02-19',1.82),(1048,'p006','2022-01-21',5.66),(1048,'p007','2021-12-20',4.85),(1048,'p008','2021-10-05',4.68),(1048,'p009','2022-01-23',0.07),(1048,'p010','2021-10-18',4.35),(1048,'p011','2021-10-20',5.44),(1048,'p012','2021-10-24',9.13),(1048,'p013','2022-02-18',1.13),(1048,'p014','2021-11-30',10.00),(1048,'p015','2021-12-09',2.00),(1048,'p016','2021-11-25',1.68),(1048,'p017','2022-02-22',7.87),(1048,'p018','2021-10-04',10.00),(1048,'p019','2021-10-18',4.43),(1048,'p020','2022-02-23',6.37),(1048,'p021','2021-10-29',5.67),(1048,'p022','2021-09-27',10.00),(1048,'p023','2021-11-04',2.02),(1048,'p024','2021-11-08',9.93),(1048,'p025','2021-10-17',8.92),(1048,'p026','2022-02-22',1.49),(1048,'p027','2022-02-24',4.66),(1048,'p028','2022-02-11',9.69),(1048,'p029','2021-10-23',10.00),(1048,'p030','2022-02-02',3.84),(1048,'p031','2022-02-14',6.62),(1048,'p032','2021-12-23',6.30),(1048,'p033','2022-01-30',4.77),(1048,'p034','2021-12-19',6.34),(1048,'p035','2021-10-19',9.55),(1048,'p036','2021-11-30',4.00),(1048,'p037','2022-01-30',1.14),(1048,'p038','2021-11-17',2.61),(1048,'p039','2022-01-28',1.44),(1048,'p040','2021-10-14',3.61),(1048,'p041','2022-01-30',8.09),(1048,'p042','2022-02-09',9.00),(1048,'p043','2021-09-27',5.43),(1048,'p044','2021-10-05',3.48),(1048,'p045','2021-10-02',4.14),(1048,'p046','2021-11-16',7.80),(1048,'p047','2021-10-17',2.25),(1048,'p048','2022-02-03',6.96),(1048,'p049','2022-02-14',3.05),(1048,'p050','2022-01-28',3.44);
/*!40000 ALTER TABLE `realizar` ENABLE KEYS */;
UNLOCK TABLES;
/*!40103 SET TIME_ZONE=@OLD_TIME_ZONE */;

/*!40101 SET SQL_MODE=@OLD_SQL_MODE */;
/*!40014 SET FOREIGN_KEY_CHECKS=@OLD_FOREIGN_KEY_CHECKS */;
/*!40014 SET UNIQUE_CHECKS=@OLD_UNIQUE_CHECKS */;
/*!40101 SET CHARACTER_SET_CLIENT=@OLD_CHARACTER_SET_CLIENT */;
/*!40101 SET CHARACTER_SET_RESULTS=@OLD_CHARACTER_SET_RESULTS */;
/*!40101 SET COLLATION_CONNECTION=@OLD_COLLATION_CONNECTION */;
/*!40111 SET SQL_NOTES=@OLD_SQL_NOTES */;
