-- MySQL dump 10.17  Distrib 10.3.25-MariaDB, for debian-linux-gnu (x86_64)
--
-- Host: 172.16.20.245    Database: bdnotas
-- ------------------------------------------------------
-- Server version	10.4.16-MariaDB-1:10.4.16+maria~bionic-log

/*!40101 SET @OLD_CHARACTER_SET_CLIENT=@@CHARACTER_SET_CLIENT */;
/*!40101 SET @OLD_CHARACTER_SET_RESULTS=@@CHARACTER_SET_RESULTS */;
/*!40101 SET @OLD_COLLATION_CONNECTION=@@COLLATION_CONNECTION */;
/*!40101 SET NAMES utf8 */;
/*!40103 SET @OLD_TIME_ZONE=@@TIME_ZONE */;
/*!40103 SET TIME_ZONE='+00:00' */;
/*!40014 SET @OLD_UNIQUE_CHECKS=@@UNIQUE_CHECKS, UNIQUE_CHECKS=0 */;
/*!40014 SET @OLD_FOREIGN_KEY_CHECKS=@@FOREIGN_KEY_CHECKS, FOREIGN_KEY_CHECKS=0 */;
/*!40101 SET @OLD_SQL_MODE=@@SQL_MODE, SQL_MODE='NO_AUTO_VALUE_ON_ZERO' */;
/*!40111 SET @OLD_SQL_NOTES=@@SQL_NOTES, SQL_NOTES=0 */;


DROP DATABASE IF exists bdnotas;
CREATE DATABASE IF NOT EXISTS bdnotas;
USE bdnotas;

--
-- Table structure for table `alumno`
--

DROP TABLE IF EXISTS `alumno`;
/*!40101 SET @saved_cs_client     = @@character_set_client */;
/*!40101 SET character_set_client = utf8 */;
CREATE TABLE `alumno` (
  `exped` int(11) NOT NULL,
  `nombre` varchar(25) NOT NULL,
  `apellidos` varchar(45) NOT NULL,
  PRIMARY KEY (`exped`)
) ENGINE=InnoDB DEFAULT CHARSET=utf8mb4;
/*!40101 SET character_set_client = @saved_cs_client */;

--
-- Dumping data for table `alumno`
--

LOCK TABLES `alumno` WRITE;
/*!40000 ALTER TABLE `alumno` DISABLE KEYS */;
INSERT INTO `alumno` VALUES (1,'Moisés','Vilaplana Orihuel'),(2,'Jaime','Verdú Pérez'),(3,'Daniel','Vañó Rojano'),(4,'Rafael Jorge','Valor Miro'),(5,'Raúl','Urbano Parra'),(6,'Raúl','Soler Cantó'),(7,'Jorge','Soler Artero'),(8,'Josep','Sempere Santonja'),(9,'Carlos','Sempere Brotons'),(10,'Sergi','Segura Gil'),(11,'Víctor Jesús','Sanz Jordá'),(12,'Hector Juan','Santonja Pascual'),(13,'Héctor Juan','Santamaria Sendra'),(14,'Santi','Sanjuán Soriano'),(15,'Fernando','Sanchez Tercero'),(16,'Maria Victoria','Ruiz Mellado'),(17,'Ian','Ruiz Aránega'),(18,'Jesús De Atocha','Ruiz Alfas'),(19,'Alonso','Rozas Martos'),(20,'Erian','Rozas Jiménez'),(21,'Roberto','Rodriguez Perez'),(22,'Javier','Reinozo'),(23,'Jairo','Quiles Cloquell'),(24,'Silvia','Pérez Moliner'),(25,'Adrian','Perales Martí'),(26,'Alex','Payá Vañó'),(27,'Hector','Pastor Anduix'),(28,'José Manuel','Pardo Cerdá'),(29,'Ismael','Palacios González'),(30,'Francisca','Navarro Sellés'),(31,'Javier','Navarro Raso'),(32,'Josep','Nadal Alacreu'),(33,'Jordi','Mur Francés'),(34,'Samuel','Mota Sánchez'),(35,'Carlos','Moreno Peiró'),(36,'Alejandro','Moles Valdivieso'),(37,'Carlos','Moles'),(38,'Sergi','Miró Valor'),(39,'Juan José','Miró Morilla'),(40,'Pablo','Martinez Morcillo'),(41,'Germán','Martinez Lara'),(42,'Rubén','Marcos Díaz'),(43,'José Enrique','Luna Roque'),(44,'Jordi','Lopez Terrades'),(45,'Miguel','Lopez España'),(46,'Guillermo','Llorens Mompo'),(47,'Mauro','Linares Vicent'),(48,'Miguel Angel','Julia Bravo'),(49,'Fabricio','Juan Uceda'),(50,'Manuel','Iborra Espí'),(51,'César','Hernández Domínguez'),(52,'Alejandro','Gómez Casanova'),(53,'Alejandro','Finalet Pérez'),(54,'Adrián','Ferri Valero'),(55,'Saul','Fernandez De La Ossa'),(56,'Alejandro','Esteve Sáez'),(57,'David','Esteve'),(58,'Sergi','Díaz Mirón'),(59,'Llorenç','Diaz Miron'),(60,'Jacob','Cutanda Navas'),(61,'Pablo','Cortés'),(62,'Miguel','Colomer'),(63,'Ignacio','Climent Martínez'),(64,'Javier','Cervera Ribera'),(65,'Javier','Cerdà Castelló'),(66,'Juan José','Cerdà'),(67,'Israel David','Carbonell Gisbert'),(68,'Angel Borja','Bordera Climent'),(69,'Bryan','Balaguer'),(70,'Angel','Arjona Casarrubio');
/*!40000 ALTER TABLE `alumno` ENABLE KEYS */;
UNLOCK TABLES;

--
-- Table structure for table `practica`
--

DROP TABLE IF EXISTS `practica`;
/*!40101 SET @saved_cs_client     = @@character_set_client */;
/*!40101 SET character_set_client = utf8 */;
CREATE TABLE `practica` (
  `cod` int(11) NOT NULL AUTO_INCREMENT,
  `titulo` varchar(15) DEFAULT NULL,
  `descrip` varchar(150) DEFAULT NULL,
  `dificultad` varchar(15) DEFAULT NULL,
  `profesor` int(11) NOT NULL,
  PRIMARY KEY (`cod`),
  KEY `fk_practica_profesor1_idx` (`profesor`),
  CONSTRAINT `fk_practica_profesor1` FOREIGN KEY (`profesor`) REFERENCES `profesor` (`cod`) ON DELETE NO ACTION ON UPDATE NO ACTION
) ENGINE=InnoDB AUTO_INCREMENT=16 DEFAULT CHARSET=utf8mb4;
/*!40101 SET character_set_client = @saved_cs_client */;

--
-- Dumping data for table `practica`
--

LOCK TABLES `practica` WRITE;
/*!40000 ALTER TABLE `practica` DISABLE KEYS */;
INSERT INTO `practica` VALUES (1,'práctica1','','Alta',1),(2,'práctica2','','Media',2),(3,'práctica3','','Alta',3),(4,'práctica4','','Baja',4),(5,'práctica5','','Media',5),(6,'práctica6','','Media',3),(7,'práctica7','','Media',3),(8,'práctica8','','Alta',8),(9,'práctica9','','Alta',9),(10,'práctica10','','Baja',10),(11,'práctica11','','Baja',1),(12,'práctica12','','Media',2),(13,'práctica13','','Baja',3),(14,'práctica14','','Alta',1),(15,'práctica15','','Media',2);
/*!40000 ALTER TABLE `practica` ENABLE KEYS */;
UNLOCK TABLES;

--
-- Table structure for table `profesor`
--

DROP TABLE IF EXISTS `profesor`;
/*!40101 SET @saved_cs_client     = @@character_set_client */;
/*!40101 SET character_set_client = utf8 */;
CREATE TABLE `profesor` (
  `cod` int(11) NOT NULL AUTO_INCREMENT,
  `nombre` varchar(45) DEFAULT NULL,
  PRIMARY KEY (`cod`)
) ENGINE=InnoDB AUTO_INCREMENT=11 DEFAULT CHARSET=utf8mb4;
/*!40101 SET character_set_client = @saved_cs_client */;

--
-- Dumping data for table `profesor`
--

LOCK TABLES `profesor` WRITE;
/*!40000 ALTER TABLE `profesor` DISABLE KEYS */;
INSERT INTO `profesor` VALUES (1,'Alberto'),(2,'Sergio'),(3,'Luis'),(4,'Alex'),(5,'Empar'),(6,'Víctor'),(7,'Jordi'),(8,'Roberto'),(9,'Andrés'),(10,'Daniel');
/*!40000 ALTER TABLE `profesor` ENABLE KEYS */;
UNLOCK TABLES;

--
-- Table structure for table `realizar`
--

DROP TABLE IF EXISTS `realizar`;
/*!40101 SET @saved_cs_client     = @@character_set_client */;
/*!40101 SET character_set_client = utf8 */;
CREATE TABLE `realizar` (
  `alumno` int(11) NOT NULL,
  `practica` int(11) NOT NULL,
  `nota` decimal(4,2) DEFAULT NULL,
  `fecha` date NOT NULL,
  PRIMARY KEY (`alumno`,`practica`,`fecha`),
  KEY `fk_alumno_has_practica_practica1_idx` (`practica`),
  KEY `fk_alumno_has_practica_alumno_idx` (`alumno`),
  CONSTRAINT `fk_alumno_has_practica_alumno` FOREIGN KEY (`alumno`) REFERENCES `alumno` (`exped`) ON DELETE NO ACTION ON UPDATE NO ACTION,
  CONSTRAINT `fk_alumno_has_practica_practica1` FOREIGN KEY (`practica`) REFERENCES `practica` (`cod`) ON DELETE NO ACTION ON UPDATE NO ACTION
) ENGINE=InnoDB DEFAULT CHARSET=utf8mb4;
/*!40101 SET character_set_client = @saved_cs_client */;

--
-- Dumping data for table `realizar`
--

LOCK TABLES `realizar` WRITE;
/*!40000 ALTER TABLE `realizar` DISABLE KEYS */;
INSERT INTO `realizar` VALUES (1,1,5.50,'2020-04-22'),(1,2,1.90,'2020-05-11'),(1,3,1.10,'2020-05-12'),(1,3,8.80,'2020-12-02'),(1,4,8.90,'2020-05-09'),(1,4,6.10,'2020-06-23'),(1,4,2.40,'2020-09-15'),(1,5,5.90,'2020-02-06'),(1,5,5.50,'2020-03-17'),(1,5,2.40,'2020-09-14'),(1,6,9.80,'2020-08-21'),(1,7,2.70,'2020-02-05'),(1,7,3.80,'2020-04-26'),(1,8,2.80,'2020-05-11'),(1,8,5.90,'2020-08-15'),(1,8,9.70,'2020-10-16'),(1,9,4.40,'2020-01-21'),(1,9,3.50,'2020-05-03'),(1,9,8.00,'2020-12-09'),(1,9,5.40,'2020-12-13'),(1,10,6.60,'2020-05-05'),(1,10,9.10,'2020-05-22'),(1,10,5.70,'2020-10-02'),(1,11,6.70,'2020-04-01'),(1,11,1.40,'2020-09-15'),(1,12,1.00,'2020-07-18'),(1,12,0.50,'2020-09-06'),(1,13,6.00,'2020-07-01'),(1,14,2.20,'2020-04-19'),(1,15,8.10,'2020-03-12'),(1,15,7.20,'2020-03-26'),(1,15,1.30,'2020-05-17'),(1,15,7.10,'2020-07-19'),(1,15,9.40,'2020-12-14'),(2,1,3.50,'2020-02-18'),(2,1,7.80,'2020-12-17'),(2,2,5.60,'2020-08-27'),(2,3,2.40,'2020-02-23'),(2,5,3.60,'2020-04-25'),(2,6,10.00,'2020-05-14'),(2,8,7.20,'2020-05-12'),(2,9,4.90,'2020-08-18'),(2,10,3.00,'2020-06-24'),(2,11,4.20,'2020-05-24'),(2,12,2.20,'2020-07-22'),(2,12,5.40,'2020-09-14'),(2,13,8.50,'2020-09-14'),(3,2,0.60,'2020-08-25'),(3,7,7.30,'2020-06-04'),(3,9,3.10,'2020-05-03'),(3,10,4.80,'2020-10-08'),(3,13,2.60,'2020-09-15'),(3,15,7.50,'2020-04-09'),(4,1,4.80,'2020-02-24'),(4,2,3.60,'2020-02-16'),(4,3,4.50,'2020-03-26'),(4,3,0.00,'2020-05-23'),(4,3,0.80,'2020-08-02'),(4,6,9.40,'2020-08-26'),(4,8,2.70,'2020-04-25'),(4,9,2.40,'2020-04-13'),(4,9,3.10,'2020-11-03'),(4,11,5.60,'2020-06-17'),(4,13,0.10,'2020-02-06'),(4,13,6.90,'2020-08-01'),(5,2,9.40,'2020-03-14'),(5,2,9.50,'2020-08-28'),(5,2,4.50,'2020-09-03'),(5,2,6.30,'2020-12-25'),(5,3,7.30,'2020-05-18'),(5,6,2.80,'2020-07-10'),(5,7,5.70,'2020-02-10'),(5,8,0.20,'2020-09-02'),(5,9,4.80,'2020-03-22'),(5,9,0.30,'2020-08-10'),(5,10,8.70,'2020-01-02'),(5,14,7.10,'2020-02-08'),(5,15,0.60,'2020-05-10'),(5,15,0.50,'2020-08-14'),(5,15,4.00,'2020-10-16'),(6,2,1.50,'2020-02-04'),(6,2,8.30,'2020-10-11'),(6,8,4.20,'2020-01-21'),(6,8,5.30,'2020-08-06'),(6,8,1.40,'2020-11-09'),(6,9,2.80,'2020-03-11'),(6,9,7.60,'2020-07-12'),(6,10,5.40,'2020-07-09'),(6,13,3.50,'2020-07-25'),(7,1,5.90,'2020-05-07'),(7,2,1.50,'2020-01-21'),(7,3,7.00,'2020-04-09'),(7,3,3.20,'2020-12-16'),(7,5,7.70,'2020-04-25'),(7,5,0.10,'2020-10-12'),(7,8,5.80,'2020-06-01'),(7,9,7.60,'2020-01-27'),(7,9,2.60,'2020-03-22'),(7,9,3.60,'2020-09-03'),(7,10,3.30,'2020-04-15'),(7,11,9.10,'2020-02-13'),(7,11,5.10,'2020-04-01'),(7,13,8.50,'2020-05-18'),(7,14,8.60,'2020-03-25'),(7,14,6.50,'2020-09-18'),(7,14,3.40,'2020-11-08'),(8,1,9.70,'2020-05-04'),(8,1,6.20,'2020-07-21'),(8,1,3.90,'2020-07-23'),(8,1,2.60,'2020-08-16'),(8,1,0.10,'2020-09-13'),(8,3,5.70,'2020-07-20'),(8,5,4.70,'2020-06-17'),(8,6,1.10,'2020-03-19'),(8,11,2.00,'2020-07-06'),(8,12,2.80,'2020-03-16'),(8,14,3.90,'2020-07-28'),(8,14,7.50,'2020-12-16'),(8,15,8.90,'2020-05-14'),(9,1,0.90,'2020-05-12'),(9,2,8.50,'2020-11-04'),(9,3,5.60,'2020-05-21'),(9,4,8.90,'2020-04-26'),(9,4,6.50,'2020-07-19'),(9,5,6.90,'2020-02-19'),(9,6,4.50,'2020-01-27'),(9,6,3.30,'2020-04-19'),(9,7,4.70,'2020-05-17'),(9,8,4.90,'2020-02-05'),(9,10,6.50,'2020-09-06'),(9,12,8.10,'2020-06-08'),(9,12,1.50,'2020-08-27'),(9,13,3.60,'2020-09-15'),(9,15,4.90,'2020-06-20'),(9,15,5.30,'2020-09-20'),(9,15,8.20,'2020-09-25'),(10,1,2.70,'2020-09-06'),(10,1,7.10,'2020-09-10'),(10,5,7.00,'2020-03-19'),(10,5,3.90,'2020-07-07'),(10,5,5.10,'2020-09-13'),(10,6,1.70,'2020-07-16'),(10,6,8.10,'2020-10-10'),(10,7,4.90,'2020-01-09'),(10,8,0.10,'2020-02-21'),(10,8,2.50,'2020-09-24'),(10,9,5.80,'2020-02-10'),(10,9,0.30,'2020-04-18'),(10,10,7.80,'2020-08-25'),(10,10,7.50,'2020-11-25'),(10,12,1.50,'2020-02-12'),(10,12,8.50,'2020-05-09'),(10,13,0.80,'2020-04-23'),(10,13,1.70,'2020-06-01'),(11,1,0.60,'2020-05-27'),(11,1,1.00,'2020-11-15'),(11,2,1.10,'2020-12-25'),(11,3,2.80,'2020-03-06'),(11,4,1.30,'2020-02-24'),(11,4,6.00,'2020-03-05'),(11,4,7.10,'2020-07-14'),(11,7,7.60,'2020-08-26'),(11,9,8.50,'2020-01-15'),(11,9,7.10,'2020-07-27'),(11,9,0.90,'2020-11-02'),(11,10,2.40,'2020-01-07'),(11,14,2.90,'2020-02-01'),(11,15,5.10,'2020-07-25'),(12,2,4.50,'2020-01-21'),(12,2,10.00,'2020-05-20'),(12,3,5.60,'2020-11-05'),(12,4,4.70,'2020-10-18'),(12,5,8.80,'2020-06-04'),(12,6,2.60,'2020-09-05'),(12,7,5.10,'2020-01-09'),(12,7,7.30,'2020-05-19'),(12,7,6.90,'2020-08-13'),(12,8,6.80,'2020-05-02'),(12,9,2.80,'2020-03-28'),(12,10,5.10,'2020-08-16'),(12,12,1.70,'2020-02-12'),(12,12,2.60,'2020-03-05'),(12,13,6.80,'2020-06-16'),(12,13,4.50,'2020-06-19'),(13,1,1.60,'2020-04-08'),(13,3,6.50,'2020-02-03'),(13,4,4.20,'2020-04-13'),(13,4,0.80,'2020-05-24'),(13,4,2.00,'2020-05-27'),(13,4,4.20,'2020-09-23'),(13,5,1.10,'2020-05-26'),(13,6,4.00,'2020-08-08'),(13,7,4.00,'2020-01-28'),(13,7,0.50,'2020-12-14'),(13,10,3.40,'2020-08-08'),(13,14,6.80,'2020-11-01'),(13,14,6.50,'2020-12-22'),(13,15,5.80,'2020-07-07'),(13,15,9.00,'2020-11-03'),(14,2,5.30,'2020-01-18'),(14,2,1.10,'2020-04-13'),(14,2,7.00,'2020-08-27'),(14,3,0.30,'2020-10-23'),(14,4,6.20,'2020-07-19'),(14,7,5.80,'2020-11-19'),(14,8,5.20,'2020-07-24'),(14,10,8.40,'2020-03-11'),(14,13,7.10,'2020-07-27'),(14,14,5.70,'2020-07-05'),(14,15,9.80,'2020-08-24'),(15,4,6.90,'2020-06-11'),(15,5,4.30,'2020-10-27'),(15,5,6.60,'2020-12-09'),(15,6,1.30,'2020-02-17'),(15,7,7.70,'2020-01-07'),(15,7,1.50,'2020-01-23'),(15,7,0.80,'2020-10-01'),(15,10,1.40,'2020-06-15'),(15,11,2.00,'2020-10-07'),(15,12,1.70,'2020-02-02'),(15,13,7.40,'2020-02-28'),(15,14,2.30,'2020-09-06'),(15,14,2.40,'2020-12-01'),(15,15,9.20,'2020-04-19'),(15,15,0.80,'2020-08-18'),(16,1,5.80,'2020-04-04'),(16,3,10.00,'2020-06-14'),(16,5,2.60,'2020-07-26'),(16,5,6.40,'2020-09-07'),(16,5,1.70,'2020-11-09'),(16,5,5.70,'2020-11-25'),(16,7,7.80,'2020-11-27'),(16,8,6.50,'2020-03-01'),(16,8,3.70,'2020-03-18'),(16,8,2.80,'2020-03-28'),(16,8,3.60,'2020-07-13'),(16,10,4.00,'2020-12-02'),(16,11,7.90,'2020-09-17'),(16,12,2.20,'2020-06-11'),(16,12,4.70,'2020-09-28'),(16,15,5.40,'2020-06-28'),(17,1,8.60,'2020-02-04'),(17,3,5.40,'2020-03-09'),(17,3,1.80,'2020-09-24'),(17,4,2.90,'2020-06-19'),(17,6,2.30,'2020-02-16'),(17,7,7.10,'2020-07-22'),(17,8,5.20,'2020-05-21'),(17,12,6.00,'2020-02-10'),(17,12,2.90,'2020-06-10'),(17,12,5.30,'2020-08-07'),(17,14,8.00,'2020-07-19'),(17,14,8.50,'2020-08-13'),(17,15,6.30,'2020-02-26'),(17,15,9.00,'2020-08-02'),(17,15,6.20,'2020-12-28'),(18,1,6.40,'2020-07-21'),(18,1,2.70,'2020-08-06'),(18,2,1.90,'2020-12-08'),(18,6,3.70,'2020-03-02'),(18,6,1.10,'2020-08-22'),(18,8,9.20,'2020-06-11'),(18,10,7.70,'2020-05-11'),(18,11,1.80,'2020-08-05'),(18,12,9.60,'2020-01-22'),(18,12,4.10,'2020-07-19'),(18,12,5.00,'2020-10-05'),(18,13,0.30,'2020-10-22'),(18,14,9.80,'2020-04-25'),(18,14,0.50,'2020-06-03'),(18,15,5.00,'2020-09-19'),(18,15,4.10,'2020-10-27'),(19,1,8.80,'2020-11-01'),(19,4,0.60,'2020-03-02'),(19,4,7.00,'2020-10-03'),(19,6,5.20,'2020-12-17'),(19,7,3.00,'2020-04-15'),(19,7,9.40,'2020-09-23'),(19,8,0.60,'2020-09-18'),(19,9,5.10,'2020-08-25'),(19,9,0.30,'2020-10-02'),(19,10,3.00,'2020-03-02'),(19,10,8.10,'2020-06-04'),(19,11,3.20,'2020-03-09'),(19,11,3.70,'2020-04-24'),(19,11,1.00,'2020-11-24'),(19,13,7.20,'2020-04-10'),(19,13,5.00,'2020-10-05'),(19,15,3.50,'2020-03-17'),(20,1,1.50,'2020-07-26'),(20,2,1.30,'2020-03-06'),(20,2,3.00,'2020-11-22'),(20,2,2.60,'2020-12-27'),(20,3,7.50,'2020-07-13'),(20,5,0.60,'2020-07-19'),(20,5,5.10,'2020-09-01'),(20,6,4.70,'2020-07-24'),(20,6,9.60,'2020-09-15'),(20,6,5.70,'2020-12-18'),(20,7,6.70,'2020-09-15'),(20,7,7.30,'2020-10-08'),(20,7,8.10,'2020-10-22'),(20,8,0.50,'2020-09-03'),(20,9,0.90,'2020-11-02'),(20,11,9.50,'2020-06-13'),(20,12,9.80,'2020-09-02'),(20,13,6.90,'2020-11-18'),(20,14,9.80,'2020-05-02'),(20,15,8.80,'2020-08-01'),(21,2,1.40,'2020-05-09'),(21,2,6.50,'2020-05-22'),(21,4,4.90,'2020-03-24'),(21,4,0.40,'2020-04-26'),(21,4,4.00,'2020-10-19'),(21,6,1.30,'2020-02-24'),(21,7,0.00,'2020-07-22'),(21,9,5.40,'2020-05-14'),(21,10,4.50,'2020-01-07'),(21,10,5.30,'2020-06-23'),(21,10,1.90,'2020-10-22'),(21,12,6.60,'2020-07-11'),(21,12,5.70,'2020-09-17'),(21,12,9.80,'2020-09-23'),(21,14,1.20,'2020-05-09'),(21,15,8.00,'2020-01-10'),(21,15,3.40,'2020-02-16'),(22,1,0.70,'2020-09-10'),(22,2,8.70,'2020-06-21'),(22,3,1.20,'2020-03-04'),(22,3,3.30,'2020-05-28'),(22,4,1.70,'2020-07-10'),(22,4,6.50,'2020-09-22'),(22,4,5.50,'2020-10-27'),(22,6,0.90,'2020-05-08'),(22,7,0.30,'2020-01-04'),(22,9,9.80,'2020-05-04'),(22,10,2.10,'2020-05-13'),(22,10,5.80,'2020-10-15'),(22,12,8.30,'2020-01-14'),(22,12,8.70,'2020-05-01'),(22,13,9.10,'2020-07-17'),(22,14,6.50,'2020-05-23'),(22,14,8.40,'2020-08-03'),(22,15,0.30,'2020-08-16'),(23,1,0.10,'2020-03-03'),(23,1,7.40,'2020-08-22'),(23,2,0.50,'2020-01-07'),(23,6,0.50,'2020-08-28'),(23,8,0.20,'2020-08-14'),(23,9,9.80,'2020-09-01'),(23,9,5.20,'2020-09-13'),(23,14,5.30,'2020-05-25'),(23,15,2.80,'2020-12-23'),(24,1,3.20,'2020-02-20'),(24,2,0.40,'2020-06-28'),(24,2,2.70,'2020-09-20'),(24,2,5.40,'2020-11-06'),(24,5,0.00,'2020-03-15'),(24,5,5.20,'2020-06-23'),(24,6,7.00,'2020-03-21'),(24,6,7.80,'2020-05-10'),(24,7,6.90,'2020-09-21'),(24,12,5.80,'2020-05-19'),(24,12,1.60,'2020-10-21'),(24,13,1.00,'2020-05-21'),(24,14,0.50,'2020-07-27'),(24,14,7.10,'2020-08-17'),(24,14,3.50,'2020-12-02'),(25,1,6.70,'2020-12-11'),(25,2,7.90,'2020-01-17'),(25,2,7.70,'2020-07-14'),(25,2,1.70,'2020-10-22'),(25,3,0.00,'2020-10-14'),(25,4,0.70,'2020-10-21'),(25,5,7.10,'2020-10-17'),(25,7,9.70,'2020-04-01'),(25,8,7.70,'2020-11-07'),(25,9,7.00,'2020-12-18'),(25,11,2.70,'2020-05-20'),(25,11,1.50,'2020-09-21'),(25,12,0.30,'2020-01-10'),(26,1,3.50,'2020-04-28'),(26,3,1.00,'2020-04-01'),(26,4,1.00,'2020-01-20'),(26,7,4.40,'2020-06-06'),(26,10,2.10,'2020-02-16'),(26,10,5.90,'2020-06-19'),(26,11,0.60,'2020-05-13'),(26,11,6.70,'2020-07-08'),(26,12,7.80,'2020-01-25'),(26,12,6.10,'2020-02-18'),(26,12,8.80,'2020-04-01'),(26,13,2.00,'2020-01-23'),(26,14,9.80,'2020-05-18'),(26,14,5.20,'2020-07-05'),(26,15,3.50,'2020-06-10'),(26,15,1.00,'2020-08-03'),(27,2,7.40,'2020-03-20'),(27,3,1.30,'2020-05-08'),(27,3,1.40,'2020-10-21'),(27,4,4.20,'2020-05-09'),(27,5,9.20,'2020-03-19'),(27,9,8.00,'2020-03-15'),(27,9,7.70,'2020-03-21'),(27,9,3.10,'2020-11-22'),(27,10,5.40,'2020-06-24'),(27,10,5.30,'2020-11-12'),(27,13,3.00,'2020-01-06'),(27,13,9.10,'2020-12-23'),(27,15,0.10,'2020-09-12'),(28,1,2.30,'2020-07-07'),(28,1,5.20,'2020-08-18'),(28,4,8.10,'2020-02-24'),(28,4,6.80,'2020-09-24'),(28,5,8.80,'2020-04-28'),(28,6,0.20,'2020-04-03'),(28,6,2.70,'2020-07-04'),(28,8,1.70,'2020-01-27'),(28,8,2.60,'2020-03-06'),(28,10,9.50,'2020-02-18'),(28,10,3.40,'2020-12-10'),(28,11,1.30,'2020-07-20'),(28,11,6.70,'2020-07-23'),(28,14,4.40,'2020-12-14'),(28,15,5.90,'2020-06-25'),(29,2,1.00,'2020-06-17'),(29,3,6.00,'2020-09-14'),(29,3,0.40,'2020-10-17'),(29,3,0.30,'2020-12-08'),(29,3,9.20,'2020-12-15'),(29,4,8.30,'2020-01-21'),(29,6,6.80,'2020-09-24'),(29,7,1.60,'2020-05-16'),(29,9,3.40,'2020-01-07'),(29,9,7.70,'2020-02-08'),(29,9,3.90,'2020-09-24'),(29,10,4.00,'2020-04-13'),(29,10,9.00,'2020-08-03'),(29,11,7.30,'2020-04-06'),(29,11,3.40,'2020-04-21'),(29,12,2.60,'2020-04-16'),(29,13,4.00,'2020-01-07'),(29,13,5.50,'2020-04-24'),(30,2,3.70,'2020-03-24'),(30,2,6.40,'2020-11-06'),(30,4,5.70,'2020-03-20'),(30,4,1.70,'2020-11-16'),(30,5,7.00,'2020-03-02'),(30,6,2.40,'2020-07-23'),(30,6,2.20,'2020-07-27'),(30,6,3.70,'2020-11-17'),(30,7,9.40,'2020-02-13'),(30,7,1.80,'2020-06-13'),(30,7,0.00,'2020-08-17'),(30,7,7.80,'2020-08-20'),(30,8,4.30,'2020-03-20'),(30,9,8.90,'2020-02-11'),(30,10,4.80,'2020-11-11'),(30,11,8.60,'2020-03-15'),(30,13,9.00,'2020-06-15'),(30,13,5.70,'2020-09-24'),(30,13,0.40,'2020-12-25'),(30,14,0.90,'2020-11-17'),(30,15,8.30,'2020-01-08'),(31,2,7.00,'2020-02-05'),(31,2,1.20,'2020-06-24'),(31,2,2.10,'2020-12-09'),(31,3,5.30,'2020-11-23'),(31,10,8.40,'2020-02-26'),(31,10,9.80,'2020-07-01'),(31,11,5.70,'2020-08-18'),(31,13,8.00,'2020-02-01'),(31,14,7.10,'2020-02-04'),(32,3,1.00,'2020-03-11'),(32,3,3.50,'2020-10-28'),(32,4,8.40,'2020-07-09'),(32,4,3.70,'2020-12-05'),(32,5,0.40,'2020-04-10'),(32,5,10.00,'2020-05-01'),(32,5,1.50,'2020-05-20'),(32,6,7.50,'2020-04-21'),(32,6,8.50,'2020-06-12'),(32,7,0.70,'2020-02-08'),(32,8,8.90,'2020-05-08'),(32,8,9.60,'2020-05-21'),(32,10,6.10,'2020-09-12'),(32,12,7.10,'2020-08-08'),(32,12,5.20,'2020-08-24'),(33,2,3.60,'2020-12-24'),(33,6,1.30,'2020-07-03'),(33,6,9.60,'2020-07-11'),(33,6,1.20,'2020-09-03'),(33,8,1.20,'2020-08-26'),(33,8,5.20,'2020-10-09'),(33,9,0.00,'2020-03-14'),(33,10,6.20,'2020-10-21'),(33,11,6.80,'2020-01-08'),(33,12,1.30,'2020-02-05'),(33,12,8.50,'2020-03-25'),(33,13,8.30,'2020-11-16'),(33,13,0.30,'2020-12-23'),(33,15,2.60,'2020-09-20'),(34,5,0.10,'2020-01-18'),(34,6,0.70,'2020-02-03'),(34,7,5.40,'2020-05-08'),(34,10,9.20,'2020-07-07'),(34,11,1.60,'2020-08-05'),(34,12,9.10,'2020-01-03'),(34,12,2.50,'2020-09-18'),(35,1,5.80,'2020-01-25'),(35,1,5.10,'2020-11-19'),(35,2,3.30,'2020-07-24'),(35,3,6.60,'2020-01-11'),(35,3,0.30,'2020-08-03'),(35,5,9.00,'2020-12-08'),(35,7,5.80,'2020-03-14'),(35,8,0.10,'2020-01-27'),(35,10,8.00,'2020-07-16'),(35,10,2.50,'2020-08-14'),(35,11,2.50,'2020-08-23'),(35,12,4.20,'2020-07-19'),(35,14,6.10,'2020-01-06'),(35,15,0.50,'2020-02-07'),(35,15,9.30,'2020-08-07'),(35,15,6.20,'2020-09-25'),(36,1,8.50,'2020-04-17'),(36,1,4.80,'2020-05-04'),(36,1,0.80,'2020-05-17'),(36,1,4.40,'2020-10-08'),(36,2,6.50,'2020-11-01'),(36,4,7.50,'2020-06-01'),(36,6,6.40,'2020-03-16'),(36,8,2.60,'2020-03-15'),(36,8,6.50,'2020-09-18'),(36,14,8.10,'2020-04-28'),(36,15,1.10,'2020-09-25'),(37,1,3.00,'2020-11-26'),(37,5,2.00,'2020-04-22'),(37,5,7.00,'2020-08-18'),(37,6,9.40,'2020-07-25'),(37,8,8.00,'2020-06-20'),(37,8,6.40,'2020-10-05'),(37,10,9.80,'2020-06-19'),(37,10,8.70,'2020-12-26'),(37,11,7.80,'2020-01-20'),(37,11,6.60,'2020-09-25'),(37,13,4.50,'2020-01-11'),(37,13,5.50,'2020-07-21'),(37,14,6.20,'2020-05-14'),(38,3,9.10,'2020-05-06'),(38,4,3.80,'2020-02-25'),(38,5,3.50,'2020-11-16'),(38,6,5.30,'2020-03-14'),(38,6,4.40,'2020-03-16'),(38,7,3.10,'2020-04-27'),(38,8,8.30,'2020-11-04'),(38,12,1.20,'2020-04-02'),(38,12,1.50,'2020-08-07'),(38,14,5.30,'2020-09-23'),(39,2,7.70,'2020-12-08'),(39,3,5.10,'2020-11-15'),(39,4,5.50,'2020-09-20'),(39,5,4.70,'2020-01-27'),(39,5,0.70,'2020-02-09'),(39,5,5.50,'2020-06-18'),(39,5,1.20,'2020-09-20'),(39,6,7.40,'2020-11-21'),(39,7,2.60,'2020-04-20'),(39,9,3.50,'2020-09-19'),(39,9,1.80,'2020-10-15'),(39,10,1.20,'2020-04-14'),(39,11,1.70,'2020-06-12'),(39,11,1.90,'2020-11-05'),(39,12,0.50,'2020-02-22'),(39,13,2.50,'2020-05-21'),(39,14,3.00,'2020-01-19'),(40,2,8.60,'2020-02-07'),(40,2,0.80,'2020-08-09'),(40,6,4.30,'2020-04-02'),(40,6,7.20,'2020-09-20'),(40,7,7.80,'2020-11-06'),(40,8,0.40,'2020-01-07'),(40,8,8.80,'2020-04-11'),(40,10,7.50,'2020-02-28'),(40,10,7.00,'2020-05-07'),(40,11,3.90,'2020-02-26'),(40,11,5.90,'2020-12-27'),(40,14,6.40,'2020-07-27'),(40,14,3.00,'2020-12-25'),(41,1,1.30,'2020-06-04'),(41,1,4.00,'2020-06-05'),(41,2,6.00,'2020-01-19'),(41,3,1.50,'2020-07-28'),(41,6,8.10,'2020-01-13'),(41,6,0.80,'2020-06-23'),(41,6,4.30,'2020-07-10'),(41,7,5.90,'2020-10-23'),(41,8,2.20,'2020-01-28'),(41,8,4.50,'2020-10-21'),(41,10,8.90,'2020-02-13'),(41,10,6.40,'2020-08-04'),(41,14,1.20,'2020-12-01'),(42,3,3.60,'2020-03-07'),(42,5,9.00,'2020-10-23'),(42,6,3.00,'2020-02-15'),(42,6,1.90,'2020-12-05'),(42,9,0.60,'2020-01-12'),(42,9,1.80,'2020-11-04'),(42,10,0.90,'2020-09-17'),(42,12,6.40,'2020-01-11'),(42,13,2.50,'2020-02-19'),(43,1,1.60,'2020-11-12'),(43,2,5.50,'2020-04-06'),(43,3,8.70,'2020-05-07'),(43,5,2.20,'2020-02-08'),(43,5,0.20,'2020-07-28'),(43,5,8.60,'2020-12-21'),(43,6,2.50,'2020-05-17'),(43,7,5.30,'2020-08-26'),(43,8,0.70,'2020-01-27'),(43,8,9.00,'2020-06-09'),(43,10,7.60,'2020-02-28'),(43,10,9.30,'2020-11-26'),(43,11,0.20,'2020-03-05'),(43,13,7.30,'2020-01-15'),(43,13,0.00,'2020-03-18'),(43,14,6.10,'2020-04-28'),(43,14,0.00,'2020-08-19'),(44,3,4.00,'2020-01-21'),(44,4,1.70,'2020-03-24'),(44,4,7.80,'2020-10-20'),(44,5,4.90,'2020-06-27'),(44,6,1.60,'2020-11-15'),(44,7,8.40,'2020-01-14'),(44,7,10.00,'2020-08-12'),(44,7,9.50,'2020-09-05'),(44,14,5.10,'2020-12-11'),(45,1,0.10,'2020-07-09'),(45,4,5.60,'2020-10-02'),(45,5,10.00,'2020-02-25'),(45,5,6.90,'2020-08-17'),(45,5,5.80,'2020-11-08'),(45,6,2.50,'2020-03-09'),(45,6,6.10,'2020-08-10'),(45,7,1.00,'2020-03-20'),(45,8,4.40,'2020-04-19'),(45,9,3.80,'2020-02-18'),(45,10,3.60,'2020-01-08'),(45,10,6.70,'2020-01-27'),(45,10,9.10,'2020-03-13'),(45,10,5.50,'2020-04-11'),(45,14,3.50,'2020-01-22'),(45,14,6.50,'2020-09-14'),(46,3,8.70,'2020-01-06'),(46,5,8.00,'2020-07-24'),(46,6,6.70,'2020-09-05'),(46,6,5.00,'2020-10-21'),(46,7,9.70,'2020-04-08'),(46,8,6.40,'2020-06-03'),(46,13,0.90,'2020-09-11'),(46,13,2.00,'2020-12-12'),(46,14,8.60,'2020-12-16'),(47,1,2.10,'2020-02-15'),(47,1,6.50,'2020-02-27'),(47,1,3.20,'2020-10-08'),(47,1,9.00,'2020-10-19'),(47,1,7.60,'2020-11-07'),(47,2,1.00,'2020-10-16'),(47,3,4.40,'2020-05-10'),(47,4,3.90,'2020-10-19'),(47,4,6.20,'2020-11-12'),(47,8,6.40,'2020-09-08'),(47,10,7.30,'2020-07-09'),(47,12,6.30,'2020-03-24'),(48,1,1.50,'2020-04-09'),(48,1,5.70,'2020-05-24'),(48,1,8.10,'2020-11-22'),(48,2,5.10,'2020-01-10'),(48,2,2.20,'2020-08-28'),(48,4,2.00,'2020-03-24'),(48,4,2.50,'2020-08-18'),(48,5,0.10,'2020-06-12'),(48,5,5.50,'2020-11-26'),(48,6,3.50,'2020-06-09'),(48,7,5.50,'2020-10-25'),(48,8,3.00,'2020-03-10'),(48,11,2.30,'2020-06-12'),(48,12,4.90,'2020-06-11'),(48,13,6.90,'2020-09-24'),(48,14,3.60,'2020-02-08'),(48,15,7.00,'2020-04-28'),(48,15,1.80,'2020-05-22'),(49,1,8.30,'2020-01-19'),(49,2,9.20,'2020-02-02'),(49,2,8.90,'2020-12-18'),(49,4,6.40,'2020-02-27'),(49,6,8.10,'2020-01-03'),(49,8,8.10,'2020-11-14'),(49,14,7.30,'2020-08-07'),(50,1,8.90,'2020-08-13'),(50,1,4.20,'2020-08-28'),(50,1,5.00,'2020-09-19'),(50,2,9.10,'2020-03-01'),(50,2,2.10,'2020-07-15'),(50,6,6.40,'2020-08-12'),(50,6,0.90,'2020-12-03'),(50,8,4.30,'2020-05-19'),(50,8,3.60,'2020-12-06'),(50,10,4.80,'2020-02-27'),(50,10,0.30,'2020-08-10'),(50,11,6.40,'2020-03-10'),(50,12,4.40,'2020-01-11'),(50,13,7.10,'2020-11-22'),(50,14,6.50,'2020-01-08'),(50,14,8.70,'2020-05-14'),(51,1,3.40,'2020-06-10'),(51,1,6.70,'2020-06-28'),(51,2,9.80,'2020-01-14'),(51,2,9.60,'2020-01-25'),(51,2,9.10,'2020-07-22'),(51,2,3.80,'2020-10-07'),(51,3,1.40,'2020-01-16'),(51,3,0.30,'2020-03-09'),(51,4,10.00,'2020-08-14'),(51,5,7.00,'2020-09-12'),(51,6,2.80,'2020-09-16'),(51,7,3.80,'2020-01-19'),(51,7,0.10,'2020-05-25'),(51,9,5.30,'2020-05-19'),(51,10,5.10,'2020-01-19'),(51,10,6.80,'2020-09-07'),(51,11,1.80,'2020-03-16'),(51,11,6.40,'2020-04-16'),(51,13,3.60,'2020-09-06'),(52,1,2.10,'2020-03-26'),(52,1,7.50,'2020-05-23'),(52,2,9.10,'2020-02-12'),(52,2,3.30,'2020-09-28'),(52,3,2.90,'2020-07-05'),(52,3,5.10,'2020-08-02'),(52,3,5.30,'2020-08-10'),(52,5,4.30,'2020-08-21'),(52,6,2.50,'2020-11-25'),(52,8,6.70,'2020-02-25'),(52,9,6.70,'2020-09-12'),(52,9,3.10,'2020-12-24'),(52,10,7.40,'2020-03-17'),(52,10,9.40,'2020-03-19'),(52,11,7.80,'2020-07-21'),(52,13,8.00,'2020-06-22'),(52,13,9.60,'2020-09-20'),(52,13,5.00,'2020-11-03'),(52,14,6.60,'2020-07-09'),(52,14,9.10,'2020-10-15'),(53,2,8.40,'2020-04-22'),(53,3,8.20,'2020-08-27'),(53,3,2.60,'2020-11-16'),(53,4,3.80,'2020-02-15'),(53,4,7.90,'2020-12-13'),(53,5,6.10,'2020-05-20'),(53,6,7.20,'2020-01-14'),(53,7,8.70,'2020-06-26'),(53,8,0.50,'2020-07-22'),(53,8,4.20,'2020-08-28'),(53,12,3.10,'2020-11-23'),(53,13,0.70,'2020-03-07'),(53,14,2.70,'2020-10-20'),(54,1,4.60,'2020-09-08'),(54,3,8.90,'2020-09-26'),(54,4,2.70,'2020-10-22'),(54,5,2.70,'2020-03-03'),(54,6,2.40,'2020-02-18'),(54,8,6.70,'2020-09-06'),(54,10,9.50,'2020-10-20'),(54,10,2.40,'2020-11-26'),(54,12,8.40,'2020-08-16'),(54,14,6.10,'2020-03-26'),(54,14,7.20,'2020-10-10'),(55,1,2.00,'2020-04-27'),(55,4,0.70,'2020-07-07'),(55,4,10.00,'2020-09-04'),(55,4,3.10,'2020-12-26'),(55,7,0.80,'2020-02-14'),(55,11,3.90,'2020-07-23'),(55,11,0.30,'2020-12-21'),(55,12,3.60,'2020-08-01'),(55,13,2.00,'2020-09-23'),(55,15,3.10,'2020-02-12'),(55,15,2.40,'2020-12-16'),(56,1,5.00,'2020-07-11'),(56,1,4.10,'2020-08-08'),(56,2,1.50,'2020-09-27'),(56,4,10.00,'2020-03-26'),(56,5,3.20,'2020-09-14'),(56,6,7.40,'2020-02-07'),(56,6,3.00,'2020-03-12'),(56,9,9.60,'2020-03-15'),(56,9,4.70,'2020-10-08'),(56,9,4.50,'2020-11-21'),(56,10,0.30,'2020-02-25'),(56,10,1.00,'2020-03-08'),(56,13,4.50,'2020-09-19'),(56,14,6.80,'2020-11-03'),(57,1,2.50,'2020-09-02'),(57,1,0.00,'2020-11-09'),(57,2,5.10,'2020-05-22'),(57,3,0.90,'2020-04-01'),(57,4,4.00,'2020-09-04'),(57,5,4.40,'2020-02-08'),(57,7,7.20,'2020-03-22'),(57,9,4.70,'2020-09-11'),(57,9,4.00,'2020-11-28'),(57,12,1.40,'2020-11-06'),(57,13,2.80,'2020-10-03'),(57,14,6.80,'2020-11-06'),(57,15,9.80,'2020-08-13'),(57,15,9.50,'2020-12-11'),(58,4,3.50,'2020-07-21'),(58,5,1.30,'2020-04-03'),(58,6,6.90,'2020-03-11'),(58,6,8.50,'2020-07-22'),(58,6,1.10,'2020-11-18'),(58,8,10.00,'2020-07-18'),(58,8,3.00,'2020-08-07'),(58,9,2.20,'2020-03-01'),(58,9,8.70,'2020-06-18'),(58,11,4.50,'2020-03-18'),(58,13,2.00,'2020-07-15'),(58,14,8.90,'2020-06-12'),(58,14,3.10,'2020-09-07'),(59,1,5.80,'2020-03-10'),(59,1,0.90,'2020-06-10'),(59,1,2.70,'2020-07-03'),(59,2,6.00,'2020-11-12'),(59,5,2.00,'2020-07-25'),(59,5,5.00,'2020-10-13'),(59,7,7.60,'2020-12-19'),(59,8,8.50,'2020-05-13'),(59,10,8.30,'2020-02-27'),(59,13,4.30,'2020-03-21'),(59,14,9.70,'2020-11-17'),(59,15,3.20,'2020-12-19'),(60,1,5.40,'2020-08-28'),(60,2,2.70,'2020-02-04'),(60,3,4.90,'2020-03-18'),(60,5,8.70,'2020-09-20'),(60,6,5.50,'2020-05-06'),(60,7,7.40,'2020-11-25'),(60,9,6.90,'2020-10-13'),(60,10,4.70,'2020-04-28'),(60,11,9.80,'2020-02-17'),(60,12,4.30,'2020-11-26'),(60,13,7.30,'2020-02-22'),(60,13,8.90,'2020-07-22'),(60,13,4.40,'2020-07-23'),(60,15,0.40,'2020-10-19'),(60,15,5.00,'2020-12-13'),(61,2,2.50,'2020-04-27'),(61,3,6.90,'2020-05-20'),(61,6,1.70,'2020-10-18'),(61,8,4.40,'2020-12-12'),(61,10,7.00,'2020-04-28'),(61,10,3.00,'2020-11-06'),(61,11,1.90,'2020-04-17'),(61,11,7.60,'2020-11-27'),(61,12,2.50,'2020-02-05'),(61,12,1.60,'2020-06-06'),(61,12,6.90,'2020-10-27'),(61,12,2.60,'2020-11-19'),(61,13,3.00,'2020-01-14'),(61,15,3.00,'2020-04-03'),(62,1,7.00,'2020-09-25'),(62,1,10.00,'2020-09-26'),(62,2,8.80,'2020-10-27'),(62,3,1.30,'2020-07-04'),(62,5,5.20,'2020-04-23'),(62,8,4.70,'2020-10-18'),(62,9,9.20,'2020-03-05'),(62,9,3.00,'2020-10-13'),(62,12,4.70,'2020-03-19'),(62,12,6.70,'2020-04-20'),(62,13,0.20,'2020-11-19'),(62,14,0.60,'2020-01-16'),(62,15,4.30,'2020-04-08'),(63,1,7.10,'2020-05-20'),(63,2,2.80,'2020-06-09'),(63,2,0.50,'2020-08-18'),(63,2,4.90,'2020-11-22'),(63,3,3.60,'2020-07-28'),(63,4,9.10,'2020-01-06'),(63,4,1.30,'2020-12-27'),(63,5,1.50,'2020-11-18'),(63,9,6.40,'2020-09-23'),(63,10,9.60,'2020-11-25'),(63,10,9.50,'2020-12-14'),(63,12,3.50,'2020-11-19'),(63,13,1.50,'2020-01-19'),(63,13,5.60,'2020-02-06'),(63,14,4.30,'2020-01-15'),(64,1,2.40,'2020-07-03'),(64,1,2.20,'2020-07-25'),(64,3,6.50,'2020-07-05'),(64,4,9.10,'2020-04-21'),(64,4,9.50,'2020-07-08'),(64,5,8.40,'2020-05-18'),(64,6,8.10,'2020-09-23'),(64,8,2.40,'2020-04-12'),(64,10,7.80,'2020-02-22'),(64,10,8.90,'2020-07-11'),(64,10,8.70,'2020-11-12'),(64,11,2.30,'2020-09-08'),(64,12,6.30,'2020-08-22'),(64,14,0.40,'2020-08-08'),(65,2,6.10,'2020-06-10'),(65,3,9.00,'2020-01-24'),(65,5,4.90,'2020-08-02'),(65,5,6.70,'2020-08-27'),(65,7,3.70,'2020-02-13'),(65,7,5.40,'2020-06-05'),(65,8,9.40,'2020-05-24'),(65,8,9.30,'2020-08-01'),(65,9,4.10,'2020-03-13'),(65,9,5.60,'2020-07-15'),(65,11,9.60,'2020-04-21'),(65,12,7.20,'2020-12-21'),(65,13,3.90,'2020-04-18'),(65,14,4.30,'2020-02-15'),(65,14,2.70,'2020-07-01'),(65,14,2.70,'2020-11-15'),(65,14,9.30,'2020-12-10'),(65,15,8.00,'2020-07-02'),(65,15,1.50,'2020-09-19'),(66,3,0.70,'2020-05-19'),(66,4,8.50,'2020-09-16'),(66,4,0.60,'2020-10-02'),(66,5,7.40,'2020-04-01'),(66,8,7.50,'2020-04-02'),(66,8,0.80,'2020-09-24'),(66,8,6.10,'2020-10-24'),(66,12,6.80,'2020-03-04'),(66,12,5.30,'2020-05-21'),(66,13,5.40,'2020-08-18'),(66,13,4.20,'2020-12-23'),(66,14,4.10,'2020-01-10'),(66,14,0.90,'2020-11-21'),(66,15,2.70,'2020-05-26'),(67,3,6.10,'2020-02-26'),(67,3,6.10,'2020-06-22'),(67,3,1.70,'2020-12-07'),(67,4,6.40,'2020-04-21'),(67,5,1.60,'2020-04-03'),(67,5,7.10,'2020-05-23'),(67,5,5.80,'2020-05-24'),(67,6,2.20,'2020-07-05'),(67,6,9.40,'2020-10-12'),(67,7,2.30,'2020-02-12'),(67,7,2.20,'2020-08-03'),(67,8,4.30,'2020-03-14'),(67,8,4.30,'2020-06-03'),(67,9,2.10,'2020-09-25'),(67,12,3.70,'2020-03-02'),(67,15,1.10,'2020-02-24'),(68,4,1.50,'2020-02-21'),(68,5,9.50,'2020-05-01'),(68,5,6.00,'2020-07-23'),(68,5,0.10,'2020-09-08'),(68,6,9.60,'2020-03-04'),(68,6,2.70,'2020-09-06'),(68,6,1.20,'2020-11-02'),(68,6,4.30,'2020-12-05'),(68,8,6.90,'2020-02-10'),(68,10,7.00,'2020-08-12'),(68,10,2.10,'2020-10-06'),(68,11,9.60,'2020-08-04'),(68,12,7.10,'2020-09-10'),(68,12,5.40,'2020-10-16'),(68,14,3.30,'2020-07-04'),(69,5,5.80,'2020-06-14'),(69,5,1.00,'2020-07-15'),(69,5,5.00,'2020-12-20'),(69,8,2.50,'2020-09-15'),(69,8,0.00,'2020-10-05'),(69,9,3.00,'2020-05-04'),(69,9,0.80,'2020-05-08'),(69,10,1.20,'2020-10-21'),(69,11,4.30,'2020-01-06'),(69,12,6.80,'2020-03-10'),(69,12,4.50,'2020-05-21'),(69,12,2.00,'2020-09-07'),(69,14,5.30,'2020-11-09'),(69,15,6.10,'2020-03-01'),(69,15,5.00,'2020-03-23'),(69,15,9.30,'2020-11-16'),(69,15,4.90,'2020-12-15'),(70,2,5.80,'2020-01-15'),(70,2,8.90,'2020-04-06'),(70,2,6.70,'2020-09-25'),(70,2,9.40,'2020-12-19'),(70,2,6.80,'2020-12-23');
/*!40000 ALTER TABLE `realizar` ENABLE KEYS */;
UNLOCK TABLES;
/*!40103 SET TIME_ZONE=@OLD_TIME_ZONE */;

/*!40101 SET SQL_MODE=@OLD_SQL_MODE */;
/*!40014 SET FOREIGN_KEY_CHECKS=@OLD_FOREIGN_KEY_CHECKS */;
/*!40014 SET UNIQUE_CHECKS=@OLD_UNIQUE_CHECKS */;
/*!40101 SET CHARACTER_SET_CLIENT=@OLD_CHARACTER_SET_CLIENT */;
/*!40101 SET CHARACTER_SET_RESULTS=@OLD_CHARACTER_SET_RESULTS */;
/*!40101 SET COLLATION_CONNECTION=@OLD_COLLATION_CONNECTION */;
/*!40111 SET SQL_NOTES=@OLD_SQL_NOTES */;