-- MariaDB dump 10.19  Distrib 10.7.3-MariaDB, for debian-linux-gnu (x86_64)
--
-- Host: localhost    Database: pedidosfab
-- ------------------------------------------------------
-- Server version	10.7.3-MariaDB-1:10.7.3+maria~focal

/*!40101 SET @OLD_CHARACTER_SET_CLIENT=@@CHARACTER_SET_CLIENT */;
/*!40101 SET @OLD_CHARACTER_SET_RESULTS=@@CHARACTER_SET_RESULTS */;
/*!40101 SET @OLD_COLLATION_CONNECTION=@@COLLATION_CONNECTION */;
/*!40101 SET NAMES utf8mb4 */;
/*!40103 SET @OLD_TIME_ZONE=@@TIME_ZONE */;
/*!40103 SET TIME_ZONE='+00:00' */;
/*!40014 SET @OLD_UNIQUE_CHECKS=@@UNIQUE_CHECKS, UNIQUE_CHECKS=0 */;
/*!40014 SET @OLD_FOREIGN_KEY_CHECKS=@@FOREIGN_KEY_CHECKS, FOREIGN_KEY_CHECKS=0 */;
/*!40101 SET @OLD_SQL_MODE=@@SQL_MODE, SQL_MODE='NO_AUTO_VALUE_ON_ZERO' */;
/*!40111 SET @OLD_SQL_NOTES=@@SQL_NOTES, SQL_NOTES=0 */;

DROP DATABASE IF EXISTS pedidosfab;
CREATE DATABASE pedidosfab;
USE pedidosfab;

--
-- Table structure for table `articulos`
--

DROP TABLE IF EXISTS `articulos`;
/*!40101 SET @saved_cs_client     = @@character_set_client */;
/*!40101 SET character_set_client = utf8 */;
CREATE TABLE `articulos` (
  `cod` char(4) NOT NULL,
  `nombre` varchar(100) DEFAULT NULL,
  `precio` decimal(6,2) DEFAULT NULL,
  PRIMARY KEY (`cod`)
) ENGINE=InnoDB DEFAULT CHARSET=latin1;
/*!40101 SET character_set_client = @saved_cs_client */;

--
-- Dumping data for table `articulos`
--

LOCK TABLES `articulos` WRITE;
/*!40000 ALTER TABLE `articulos` DISABLE KEYS */;
INSERT INTO `articulos` VALUES
('0001','Tart - Lemon',575.00),
('0002','Fondant - Icing',775.00),
('0003','Juice - Ocean Spray Kiwi',23.00),
('0004','Lid Tray - 16in Dome',276.00),
('0005','Radish',826.00),
('0006','Compound - Pear',881.00),
('0007','Hand Towel',911.00),
('0008','Yogurt - French Vanilla',135.00),
('0009','Peach - Halves',344.00),
('0010','Carrots - Purple, Organic',39.00),
('0011','Jam - Apricot',270.00),
('0012','Goldschalger',657.00),
('0013','Soup Campbells',765.00),
('0014','Lettuce - Red Leaf',921.00),
('0015','Cookie - Oreo 100x2',670.00),
('0016','Wine - Cave Springs Dry Riesling',973.00),
('0017','Tarragon - Primerba, Paste',183.00),
('0018','Coconut - Whole',772.00),
('0019','Macaroons - Homestyle Two Bit',414.00),
('0020','Sugar Thermometer',141.00),
('0021','Worcestershire Sauce',380.00),
('0022','Oil - Macadamia',529.00),
('0023','Bacon Strip Precooked',600.00),
('0024','Beef - Chuck, Boneless',311.00),
('0025','Chocolate - Milk Coating',239.00),
('0026','Sage - Fresh',486.00),
('0027','Eggroll',204.00),
('0028','Pasta - Canelloni',12.00),
('0029','Jagermeister',111.00),
('0030','Wine - Jackson Triggs Okonagan',498.00),
('0031','Cornstarch',749.00),
('0032','Vermacelli - Sprinkles, Assorted',178.00),
('0033','Jicama',272.00),
('0034','Onions - Vidalia',51.00),
('0035','Doilies - 8, Paper',213.00),
('0036','External Supplier',74.00),
('0037','Corn Kernels - Frozen',381.00),
('0038','Sobe - Orange Carrot',745.00),
('0039','Amarula Cream',567.00),
('0040','Wine - Red, Cabernet Merlot',237.00),
('0041','Bread Ww Cluster',945.00),
('0042','Beer - Fruli',872.00),
('0043','Tomatoes - Diced, Canned',101.00),
('0044','Bread Foccacia Whole',440.00),
('0045','Cheese - Ermite Bleu',581.00),
('0046','Beef - Ground, Extra Lean, Fresh',149.00),
('0047','Anisette - Mcguiness',856.00),
('0048','Towel Multifold',891.00),
('0049','Beef Flat Iron Steak',655.00),
('0050','Sugar - Crumb',175.00),
('0051','Tequila - Sauza Silver',517.00),
('0052','Pasta - Rotini, Colour, Dry',459.00),
('0053','Gelatine Leaves - Envelopes',930.00),
('0054','Iced Tea - Lemon, 340ml',141.00),
('0055','Veal - Striploin',372.00),
('0056','Wine - Casablanca Valley',489.00),
('0057','Butter - Unsalted',532.00),
('0058','Fond - Chocolate',493.00),
('0059','The Pop Shoppe Pinapple',855.00),
('0060','Apron',199.00),
('0061','Muffin Carrot - Individual',543.00),
('0062','Spinach - Packaged',260.00),
('0063','Pineapple - Canned, Rings',804.00),
('0064','Veal - Osso Bucco',67.00),
('0065','Broom And Broom Rack White',774.00),
('0066','Brocolinni - Gaylan, Chinese',302.00),
('0067','Pastry - Baked Scones - Mini',61.00),
('0068','Ecolab Digiclean Mild Fm',214.00),
('0069','Beer - Rickards Red',153.00),
('0070','Barramundi',772.00),
('0071','Wood Chips - Regular',744.00),
('0072','Cut Wakame - Hanawakaba',803.00),
('0073','Stock - Fish',755.00),
('0074','Cheese - Comtomme',624.00),
('0075','Pike - Frozen Fillet',913.00),
('0076','Wine - Alicanca Vinho Verde',941.00),
('0077','Veal - Brisket, Provimi, Bone - In',960.00),
('0078','Soup - Campbells, Lentil',68.00),
('0079','Pike - Frozen Fillet',708.00),
('0080','Wine - Placido Pinot Grigo',47.00),
('0081','Broom - Angled',415.00),
('0082','Soup - Campbells, Spinach Crm',310.00),
('0083','Muffin - Bran Ind Wrpd',64.00),
('0084','Wine - Chateau Timberlay',218.00),
('0085','Bar - Sweet And Salty Chocolate',275.00),
('0086','Sauce Bbq Smokey',366.00),
('0087','Sprouts - Bean',666.00),
('0088','Chicken - Whole',50.00),
('0089','Oil - Macadamia',404.00),
('0090','Cilantro / Coriander - Fresh',604.00),
('0091','Pork - Chop, Frenched',523.00),
('0092','Cakes Assorted',513.00),
('0093','Olives - Morracan Dired',497.00),
('0094','Versatainer Nc - 888',994.00),
('0095','Sage Ground Wiberg',439.00),
('0096','V8 Pet',851.00),
('0097','Cup - 4oz Translucent',711.00),
('0098','Potatoes - Parissienne',441.00),
('0099','Flax Seed',22.00),
('0100','Veal - Leg, Provimi - 50 Lb Max',109.00),
('0101','Flower - Daisies',186.00),
('0102','Nantucket - 518ml',335.00),
('0103','V8 - Vegetable Cocktail',155.00),
('0104','Nantucket - 518ml',767.00),
('0105','Wine - Cahors Ac 2000, Clos',87.00),
('0106','Sausage - Andouille',346.00),
('0107','Skirt - 29 Foot',601.00),
('0108','Wine - Red, Marechal Foch',16.00),
('0109','Syrup - Monin - Blue Curacao',802.00),
('0110','Mushroom - Morel Frozen',179.00),
('0111','Yeast - Fresh, Fleischman',468.00),
('0112','Strawberries - California',472.00),
('0113','Peppercorns - Pink',186.00),
('0114','Truffle Paste',198.00),
('0115','Beef - Top Sirloin - Aaa',775.00),
('0116','Wine - Jafflin Bourgongone',38.00),
('0117','Peach - Halves',937.00),
('0118','Rum - Mount Gay Eclipes',472.00),
('0119','Lamb - Pieces, Diced',109.00),
('0120','Tomatoes - Vine Ripe, Red',893.00),
('0121','Wine - Prem Select Charddonany',470.00),
('0122','Wine - Rioja Campo Viejo',926.00),
('0123','Ice Cream - Chocolate',353.00),
('0124','Soup V8 Roasted Red Pepper',717.00),
('0125','Pastry - French Mini Assorted',1.00),
('0126','Beans - Kidney, Red Dry',170.00),
('0127','Sauce - Demi Glace',33.00),
('0128','Tofu - Firm',362.00),
('0129','Coffee - Ristretto Coffee Capsule',733.00),
('0130','Aspic - Clear',880.00),
('0131','Bacardi Mojito',846.00),
('0132','Mix - Cocktail Strawberry Daiquiri',746.00),
('0133','Lemon Balm - Fresh',453.00),
('0134','Soup - Knorr, French Onion',455.00),
('0135','Beer - Steamwhistle',46.00),
('0136','Soup - Cream Of Broccoli',580.00),
('0137','Sugar - White Packet',751.00),
('0138','Soup Campbells Turkey Veg.',191.00),
('0139','Appetizer - Sausage Rolls',834.00),
('0140','Lamb - Whole Head Off',929.00),
('0141','Wine - Ice Wine',455.00),
('0142','Muffin Mix - Banana Nut',577.00),
('0143','Wine - Jafflin Bourgongone',452.00),
('0144','Soup - Knorr, Ministrone',302.00),
('0145','Bread - Roll, Whole Wheat',851.00),
('0146','Plasticspoonblack',739.00),
('0147','Chef Hat 25cm',697.00),
('0148','Snapple - Iced Tea Peach',70.00),
('0149','Tea - Herbal I Love Lemon',955.00),
('0150','Beer - Fruli',998.00),
('0151','Chocolate Liqueur - Godet White',817.00),
('0152','Soup Campbells Mexicali Tortilla',460.00),
('0153','Tortillas - Flour, 8',246.00),
('0154','Versatainer Nc - 8288',75.00),
('0155','Avocado',816.00),
('0156','Icecream - Dstk Super Cone',316.00),
('0157','Spice - Paprika',361.00),
('0158','Muffin Batt - Ban Dream Zero',562.00),
('0159','Muffin - Carrot Individual Wrap',608.00),
('0160','Orange - Tangerine',299.00),
('0161','Fudge - Cream Fudge',126.00),
('0162','Sultanas',295.00),
('0163','Trueblue - Blueberry 12x473ml',144.00),
('0164','Sauce Tomato Pouch',253.00),
('0165','Cheese - Oka',177.00),
('0166','Wooden Mop Handle',264.00),
('0167','Mushroom - Chantrelle, Fresh',743.00),
('0168','Chips - Potato Jalapeno',523.00),
('0169','Croissants Thaw And Serve',16.00),
('0170','Spice - Montreal Steak Spice',608.00),
('0171','Sugar - Splenda Sweetener',746.00),
('0172','Pork Casing',300.00),
('0173','Bread - Raisin Walnut Oval',746.00),
('0174','Pork - Suckling Pig',505.00),
('0175','Chicken Thigh - Bone Out',247.00),
('0176','Soup V8 Roasted Red Pepper',258.00),
('0177','Mahi Mahi',356.00),
('0178','Tomatoes - Diced, Canned',70.00),
('0179','Quail Eggs - Canned',285.00),
('0180','Containter - 3oz Microwave Rect.',745.00),
('0181','Sprouts - Peppercress',530.00),
('0182','Bread Base - Toscano',385.00),
('0183','Wine - Vouvray Cuvee Domaine',891.00),
('0184','Tomatoes - Plum, Canned',243.00),
('0185','Juice - Apple 284ml',993.00),
('0186','Lamb - Sausage Casings',394.00),
('0187','Pineapple - Canned, Rings',218.00),
('0188','Roe - Flying Fish',215.00),
('0189','Haggis',865.00),
('0190','Dried Figs',223.00),
('0191','Tart - Pecan Butter Squares',286.00),
('0192','Potatoes - Mini Red',489.00),
('0193','Bread - Frozen Basket Variety',345.00),
('0194','Pasta - Lasagna Noodle, Frozen',751.00),
('0195','Pork - Liver',119.00),
('0196','Pork - Shoulder',881.00),
('0197','Cookies - Englishbay Oatmeal',998.00),
('0198','Tortillas - Flour, 12',340.00),
('0199','Soup - French Onion',763.00),
('0200','Mix Pina Colada',76.00),
('0900','Mousse - Passion Fruit',93.76),
('0901','Wine - Clavet Saint Emilion',70.45),
('0902','Wine - Barossa Valley Estate',46.91),
('0903','Wine - Soave Folonari',52.96),
('0904','Fiddlehead - Frozen',51.13),
('0905','Turkey - Oven Roast Breast',59.78),
('0906','Sauce - Gravy, Au Jus, Mix',56.33),
('0907','Crab Brie In Phyllo',14.92),
('0908','Russian Prince',59.21),
('0909','Tuna - Salad Premix',48.40),
('0910','Oxtail - Cut',53.90),
('0911','Thyme - Dried',90.63),
('0912','Beef - Texas Style Burger',90.05),
('0913','Salt And Pepper Mix - Black',97.86),
('0914','Turnip - Mini',81.93),
('0915','Bols Melon Liqueur',16.82);
/*!40000 ALTER TABLE `articulos` ENABLE KEYS */;
UNLOCK TABLES;

--
-- Table structure for table `fabricas`
--

DROP TABLE IF EXISTS `fabricas`;
/*!40101 SET @saved_cs_client     = @@character_set_client */;
/*!40101 SET character_set_client = utf8 */;
CREATE TABLE `fabricas` (
  `cod` int(10) unsigned NOT NULL AUTO_INCREMENT,
  `nombre` varchar(100) NOT NULL,
  PRIMARY KEY (`cod`)
) ENGINE=InnoDB AUTO_INCREMENT=26 DEFAULT CHARSET=latin1;
/*!40101 SET character_set_client = @saved_cs_client */;

--
-- Dumping data for table `fabricas`
--

LOCK TABLES `fabricas` WRITE;
/*!40000 ALTER TABLE `fabricas` DISABLE KEYS */;
INSERT INTO `fabricas` VALUES
(1,'fabrica001'),
(2,'fabrica002'),
(3,'fabrica003'),
(4,'fabrica004'),
(5,'fabrica005'),
(6,'fabrica006'),
(7,'fabrica007'),
(8,'fabrica008'),
(9,'fabrica009'),
(10,'fabrica010'),
(11,'fabrica011'),
(12,'fabrica012'),
(13,'fabrica013'),
(14,'fabrica014'),
(15,'fabrica015'),
(16,'fabrica016'),
(17,'fabrica017'),
(18,'fabrica018'),
(19,'fabrica019'),
(20,'fabrica020'),
(21,'fabrica021'),
(22,'fabrica022'),
(23,'fabrica023'),
(24,'fabrica024'),
(25,'fabrica025');
/*!40000 ALTER TABLE `fabricas` ENABLE KEYS */;
UNLOCK TABLES;

--
-- Table structure for table `pedidos`
--

DROP TABLE IF EXISTS `pedidos`;
/*!40101 SET @saved_cs_client     = @@character_set_client */;
/*!40101 SET character_set_client = utf8 */;
CREATE TABLE `pedidos` (
  `num` int(10) unsigned NOT NULL,
  `codfabrica` int(10) unsigned NOT NULL,
  `codarticulo` char(4) NOT NULL,
  `fecha` date NOT NULL,
  `unidades` tinyint(3) unsigned NOT NULL,
  `urgente` tinyint(1) NOT NULL,
  `servido` tinyint(1) NOT NULL,
  PRIMARY KEY (`num`),
  KEY `PEDIDOS_FKIndex1` (`codfabrica`),
  KEY `PEDIDOS_FKIndex2` (`codarticulo`),
  CONSTRAINT `fk_PEDIDOS_1` FOREIGN KEY (`codarticulo`) REFERENCES `articulos` (`cod`) ON DELETE NO ACTION ON UPDATE NO ACTION,
  CONSTRAINT `fk_PEDIDOS_2` FOREIGN KEY (`codfabrica`) REFERENCES `fabricas` (`cod`) ON DELETE NO ACTION ON UPDATE NO ACTION
) ENGINE=InnoDB DEFAULT CHARSET=latin1;
/*!40101 SET character_set_client = @saved_cs_client */;

--
-- Dumping data for table `pedidos`
--

LOCK TABLES `pedidos` WRITE;
/*!40000 ALTER TABLE `pedidos` DISABLE KEYS */;
INSERT INTO `pedidos` VALUES
(1,8,'0131','2015-08-06',5,1,1),
(2,17,'0180','2016-03-14',3,0,1),
(3,1,'0097','2012-07-14',12,0,1),
(4,13,'0097','2022-02-03',1,0,1),
(5,10,'0119','2012-11-04',6,1,1),
(6,14,'0194','2018-01-21',11,1,1),
(7,20,'0114','2020-07-21',8,1,1),
(8,1,'0162','2010-11-06',12,0,1),
(9,14,'0149','2008-03-25',6,0,1),
(10,25,'0188','2013-04-03',9,1,1),
(11,4,'0135','2017-05-06',13,1,1),
(12,10,'0194','2007-11-05',4,0,1),
(13,7,'0123','2017-11-06',14,1,1),
(14,21,'0088','2006-07-26',12,1,1),
(15,2,'0064','2022-03-20',1,1,1),
(16,16,'0167','2020-10-20',13,0,1),
(17,14,'0083','2015-09-19',3,1,1),
(18,10,'0064','2013-08-27',12,1,1),
(19,18,'0064','2016-11-18',9,0,1),
(20,14,'0043','2021-03-20',3,1,1),
(21,14,'0199','2014-04-08',15,1,1),
(22,10,'0093','2009-12-03',7,1,1),
(23,21,'0190','2011-05-06',10,1,1),
(24,8,'0025','2022-02-06',1,0,1),
(25,13,'0081','2020-10-05',14,0,1),
(26,17,'0004','2008-06-09',7,0,1),
(27,9,'0041','2021-10-18',14,1,1),
(28,14,'0099','2010-06-29',5,1,1),
(29,24,'0179','2015-06-04',4,0,1),
(30,12,'0064','2008-06-30',3,0,1),
(31,3,'0017','2021-10-31',3,1,1),
(32,11,'0200','2015-06-15',9,0,1),
(33,12,'0150','2018-02-28',8,0,1),
(34,16,'0098','2014-07-11',13,1,1),
(35,5,'0191','2022-01-17',4,0,1),
(36,16,'0040','2010-04-16',2,0,1),
(37,11,'0091','2018-10-07',14,1,1),
(38,3,'0157','2014-07-05',14,1,1),
(39,9,'0044','2013-09-24',12,1,1),
(40,22,'0161','2017-12-03',15,0,1),
(41,17,'0178','2010-04-25',1,0,1),
(42,23,'0120','2012-10-04',4,0,1),
(43,15,'0069','2019-12-07',3,1,0),
(44,6,'0006','2018-07-27',4,1,1),
(45,9,'0073','2011-08-13',7,0,1),
(46,10,'0121','2017-02-12',2,0,1),
(47,18,'0100','2016-10-11',1,0,1),
(48,7,'0111','2006-05-30',2,0,1),
(49,18,'0028','2014-07-01',9,1,1),
(50,9,'0105','2012-06-23',2,0,1),
(51,20,'0152','2014-02-11',4,0,1),
(52,24,'0078','2022-03-05',14,0,1),
(53,22,'0187','2022-02-03',8,0,1),
(54,25,'0143','2019-12-19',4,0,1),
(55,19,'0035','2011-10-20',1,1,1),
(56,6,'0125','2009-08-12',9,1,1),
(57,23,'0066','2006-06-23',15,0,1),
(58,24,'0193','2014-08-20',9,1,1),
(59,3,'0007','2005-12-05',7,0,1),
(60,17,'0014','2015-05-27',11,1,1),
(61,25,'0175','2009-09-29',5,1,1),
(62,18,'0142','2010-12-01',13,0,1),
(63,15,'0169','2017-05-16',6,0,1),
(64,10,'0068','2020-03-14',14,0,0),
(65,16,'0022','2007-02-28',3,1,1),
(66,2,'0014','2006-07-21',9,0,1),
(67,8,'0093','2015-11-22',8,0,1),
(68,11,'0162','2006-10-21',15,1,1),
(69,2,'0169','2011-08-25',11,0,1),
(70,22,'0199','2019-02-08',5,1,1),
(71,2,'0102','2022-02-23',7,0,1),
(72,11,'0081','2007-09-04',11,1,1),
(73,12,'0017','2008-08-24',10,1,1),
(74,24,'0009','2010-04-21',13,0,1),
(75,12,'0054','2013-07-30',10,0,1),
(76,22,'0002','2013-08-23',11,0,1),
(77,23,'0048','2009-07-19',12,0,1),
(78,4,'0122','2016-08-06',9,1,1),
(79,7,'0171','2006-04-17',4,1,1),
(80,23,'0157','2007-11-07',2,0,1),
(81,11,'0091','2020-08-01',9,1,1),
(82,10,'0011','2010-08-13',15,1,1),
(83,17,'0009','2014-01-23',11,1,1),
(84,17,'0016','2018-05-02',3,1,1),
(85,21,'0177','2007-03-14',2,1,1),
(86,25,'0121','2009-03-23',4,1,1),
(87,11,'0173','2007-04-14',12,0,1),
(88,3,'0038','2005-11-23',1,1,1),
(89,1,'0005','2014-02-20',2,1,1),
(90,17,'0176','2018-04-19',6,1,1),
(91,1,'0022','2012-10-09',4,1,1),
(92,4,'0071','2020-01-20',5,1,1),
(93,6,'0050','2018-12-01',13,1,1),
(94,5,'0079','2018-05-05',4,1,1),
(95,5,'0061','2017-08-26',10,0,1),
(96,25,'0076','2014-12-13',1,0,1),
(97,20,'0045','2015-06-28',12,0,1),
(98,11,'0041','2007-02-12',14,1,1),
(99,8,'0150','2014-07-28',13,1,1),
(100,9,'0040','2010-12-04',14,1,1),
(101,24,'0110','2014-01-16',4,0,1),
(102,17,'0061','2020-06-04',1,1,1),
(103,17,'0040','2005-12-07',6,0,1),
(104,17,'0066','2007-03-02',13,1,1),
(105,21,'0101','2011-12-15',2,0,1),
(106,12,'0024','2018-08-31',3,1,1),
(107,5,'0037','2017-04-28',12,1,1),
(108,25,'0083','2014-01-11',1,0,1),
(109,7,'0109','2015-09-05',15,1,1),
(110,17,'0137','2013-02-22',4,0,1),
(111,21,'0095','2019-01-09',13,1,1),
(112,22,'0084','2005-10-30',6,0,1),
(113,24,'0046','2016-10-10',5,1,1),
(114,25,'0170','2015-01-22',6,1,1),
(115,4,'0067','2017-01-26',12,0,1),
(116,18,'0008','2012-09-24',14,0,1),
(117,6,'0001','2016-06-30',14,1,1),
(118,21,'0194','2009-03-11',3,1,1),
(119,9,'0196','2012-09-16',13,1,1),
(120,3,'0109','2008-08-27',10,0,1),
(121,20,'0180','2009-11-06',3,0,1),
(122,12,'0173','2007-01-15',13,1,1),
(123,17,'0053','2007-01-08',12,0,1),
(124,10,'0043','2007-02-27',10,1,1),
(125,25,'0052','2008-06-15',4,0,1),
(126,19,'0112','2006-02-18',9,0,1),
(127,10,'0063','2020-01-03',5,0,1),
(128,24,'0107','2008-09-08',7,0,1),
(129,20,'0130','2021-02-10',4,0,1),
(130,24,'0091','2017-09-17',6,0,1),
(131,4,'0019','2021-06-12',15,1,1),
(132,18,'0055','2010-02-15',13,1,1),
(133,18,'0138','2017-03-15',12,0,1),
(134,3,'0111','2019-03-24',14,1,1),
(135,11,'0130','2006-05-23',9,1,1),
(136,5,'0053','2007-09-17',7,1,1),
(137,6,'0104','2009-05-20',2,1,1),
(138,9,'0141','2014-09-12',7,0,1),
(139,4,'0062','2017-11-24',12,1,1),
(140,8,'0190','2013-07-19',8,1,1),
(141,16,'0005','2010-12-25',2,0,1),
(142,13,'0065','2013-08-15',1,1,1),
(143,13,'0030','2010-06-12',1,0,1),
(144,14,'0115','2012-04-01',5,0,1),
(145,18,'0154','2006-01-27',8,1,1),
(146,12,'0185','2019-07-24',1,1,1),
(147,4,'0167','2011-05-26',8,1,1),
(148,6,'0013','2009-06-08',2,1,1),
(149,16,'0037','2019-09-04',1,0,1),
(150,7,'0154','2014-07-10',8,0,1),
(151,22,'0066','2021-05-10',7,1,1),
(152,9,'0089','2018-10-29',1,0,1),
(153,8,'0129','2020-11-03',1,0,1),
(154,20,'0181','2008-04-09',15,1,1),
(155,18,'0124','2016-02-09',14,1,1),
(156,10,'0060','2017-09-29',5,1,1),
(157,4,'0043','2011-04-03',15,0,0),
(158,5,'0003','2011-12-23',10,0,1),
(159,13,'0059','2020-03-17',7,0,1),
(160,19,'0061','2015-05-11',10,0,1),
(161,21,'0071','2012-12-01',3,1,1),
(162,13,'0021','2019-06-29',11,0,1),
(163,20,'0144','2018-12-21',10,1,1),
(164,22,'0015','2006-03-29',3,1,1),
(165,20,'0166','2016-05-17',10,0,1),
(166,3,'0036','2008-02-20',4,0,1),
(167,11,'0002','2021-11-04',14,1,1),
(168,18,'0085','2021-10-25',5,0,1),
(169,20,'0051','2019-02-25',8,1,1),
(170,18,'0110','2021-08-29',12,0,1),
(171,3,'0193','2013-04-16',11,0,1),
(172,23,'0131','2007-03-07',6,0,1),
(173,9,'0146','2008-09-22',13,0,1),
(174,10,'0102','2007-06-30',6,0,1),
(175,9,'0094','2005-11-08',14,0,1),
(176,1,'0123','2018-03-12',4,0,1),
(177,8,'0095','2010-11-02',3,1,1),
(178,5,'0162','2011-04-14',1,1,1),
(179,5,'0180','2008-08-26',15,0,1),
(180,12,'0013','2017-10-06',6,0,1),
(181,14,'0156','2016-06-10',4,1,1),
(182,22,'0084','2018-08-05',6,1,1),
(183,1,'0103','2018-10-10',10,0,1),
(184,14,'0183','2006-10-18',10,1,1),
(185,8,'0070','2018-06-29',11,0,1),
(186,10,'0124','2016-08-10',1,0,1),
(187,20,'0009','2012-01-25',3,0,1),
(188,14,'0151','2016-07-09',2,1,1),
(189,9,'0179','2010-05-18',13,0,1),
(190,7,'0080','2006-12-26',7,1,1),
(191,10,'0088','2010-03-03',11,1,1),
(192,25,'0137','2006-08-16',10,0,1),
(193,2,'0147','2006-03-14',8,0,1),
(194,2,'0090','2021-11-23',3,1,1),
(195,18,'0156','2012-12-06',2,1,1),
(196,21,'0034','2006-02-26',11,0,1),
(197,14,'0093','2019-09-25',2,1,1),
(198,11,'0162','2019-03-20',12,1,1),
(199,1,'0002','2007-09-16',5,1,1),
(200,5,'0126','2015-12-24',5,1,1),
(201,17,'0001','2016-12-31',7,1,1),
(202,3,'0115','2015-01-22',7,1,1),
(203,23,'0083','2015-11-04',13,1,1),
(204,23,'0063','2006-09-23',12,0,1),
(205,2,'0162','2020-08-06',9,1,1),
(206,8,'0057','2007-03-12',10,1,1),
(207,1,'0178','2021-02-26',5,0,0),
(208,6,'0107','2019-07-24',2,0,1),
(209,2,'0116','2008-02-24',8,1,1),
(210,21,'0162','2009-04-09',13,0,1),
(211,19,'0016','2017-11-03',10,1,1),
(212,9,'0102','2021-05-20',11,0,1),
(213,1,'0153','2009-11-16',6,1,1),
(214,3,'0149','2021-01-30',7,1,1),
(215,18,'0140','2006-10-16',15,0,1),
(216,15,'0193','2017-10-06',12,1,1),
(217,23,'0176','2011-02-24',11,0,1),
(218,22,'0161','2006-11-02',14,0,1),
(219,9,'0075','2015-09-19',9,1,1),
(220,25,'0099','2008-07-19',9,0,1),
(221,2,'0061','2021-12-01',15,0,1),
(222,6,'0196','2015-02-16',7,0,1),
(223,21,'0135','2018-03-11',5,0,1),
(224,19,'0141','2014-05-16',12,1,1),
(225,2,'0161','2010-02-24',12,1,1),
(226,9,'0110','2010-06-25',13,0,1),
(227,17,'0160','2015-08-09',4,1,1),
(228,2,'0099','2011-04-17',14,0,1),
(229,6,'0149','2016-11-12',11,0,1),
(230,23,'0039','2013-04-01',6,0,1),
(231,19,'0066','2021-05-31',14,0,1),
(232,14,'0027','2015-01-04',11,0,1),
(233,3,'0198','2018-05-15',10,1,1),
(234,12,'0091','2016-07-26',6,0,1),
(235,9,'0058','2013-09-02',3,1,1),
(236,15,'0104','2011-02-28',2,0,0),
(237,24,'0153','2021-09-03',9,1,1),
(238,4,'0079','2019-04-16',8,0,1),
(239,10,'0062','2017-09-29',6,1,1),
(240,16,'0140','2017-09-18',4,1,1),
(241,7,'0008','2009-04-02',7,0,1),
(242,9,'0081','2018-01-07',14,1,1),
(243,23,'0024','2010-03-02',4,0,1),
(244,23,'0024','2014-11-22',5,1,1),
(245,1,'0100','2018-06-08',15,0,1),
(246,7,'0001','2018-01-27',3,0,1),
(247,15,'0055','2014-01-17',8,1,1),
(248,14,'0191','2008-02-12',15,1,1),
(249,5,'0145','2007-05-26',15,1,1),
(250,11,'0010','2021-05-20',15,1,1),
(251,15,'0036','2018-03-19',11,1,1),
(252,25,'0132','2008-11-10',15,1,1),
(253,8,'0166','2018-02-28',10,1,1),
(254,12,'0039','2016-08-19',13,1,1),
(255,12,'0173','2011-02-11',8,0,1),
(256,5,'0039','2007-04-10',1,0,1),
(257,7,'0024','2019-03-29',2,0,1),
(258,4,'0055','2022-03-08',5,1,1),
(259,18,'0156','2006-05-08',9,1,1),
(260,20,'0099','2017-03-01',3,0,1),
(261,17,'0022','2013-03-29',8,1,1),
(262,24,'0147','2010-01-19',8,0,1),
(263,15,'0045','2008-11-25',7,1,1),
(264,3,'0033','2021-01-18',4,1,1),
(265,4,'0057','2015-09-27',2,1,1),
(266,11,'0135','2011-04-25',14,1,1),
(267,18,'0057','2020-09-27',4,1,1),
(268,6,'0169','2005-11-27',11,0,1),
(269,22,'0112','2021-08-21',5,0,1),
(270,3,'0095','2011-03-29',14,1,1),
(271,2,'0124','2009-10-08',6,1,1),
(272,23,'0067','2017-09-09',6,1,1),
(273,5,'0162','2018-03-30',8,1,1),
(274,8,'0176','2013-12-24',2,0,1),
(275,15,'0087','2014-07-30',4,0,1),
(276,24,'0138','2020-08-19',13,1,1),
(277,20,'0095','2017-10-22',15,1,1),
(278,21,'0145','2011-05-20',4,0,1),
(279,14,'0175','2012-12-08',5,0,0),
(280,20,'0012','2017-04-05',9,1,1),
(281,13,'0084','2011-06-06',8,1,1),
(282,17,'0006','2010-09-19',1,1,1),
(283,22,'0041','2015-03-16',6,0,1),
(284,22,'0043','2020-07-08',6,0,1),
(285,13,'0049','2011-04-03',2,1,1),
(286,9,'0103','2007-10-15',4,0,1),
(287,21,'0078','2020-10-31',6,0,1),
(288,18,'0061','2018-01-28',3,0,1),
(289,21,'0105','2006-12-27',9,0,1),
(290,17,'0051','2015-11-22',15,0,1),
(291,13,'0149','2007-09-18',15,1,1),
(292,11,'0054','2007-07-02',2,0,1),
(293,11,'0038','2015-01-10',6,0,1),
(294,14,'0134','2016-09-02',14,1,1),
(295,6,'0124','2016-06-18',13,0,1),
(296,7,'0132','2010-09-19',11,0,1),
(297,4,'0025','2010-08-09',1,1,1),
(298,21,'0064','2017-05-31',2,1,1),
(299,2,'0131','2022-01-08',14,0,1),
(300,25,'0091','2019-02-03',14,1,1),
(301,10,'0135','2006-11-22',13,0,1),
(302,23,'0177','2021-09-22',10,1,1),
(303,7,'0025','2018-02-09',12,0,1),
(304,13,'0140','2020-04-08',3,1,1),
(305,7,'0180','2012-07-30',9,0,1),
(306,9,'0200','2020-08-18',5,0,1),
(307,18,'0009','2007-10-25',5,1,1),
(308,10,'0140','2021-01-11',9,1,1),
(309,8,'0037','2017-12-08',9,0,1),
(310,6,'0042','2008-05-31',1,1,1),
(311,9,'0091','2016-07-18',3,0,1),
(312,13,'0181','2019-02-26',6,0,1),
(313,11,'0083','2009-09-24',14,1,1),
(314,13,'0014','2018-05-18',6,1,1),
(315,25,'0148','2021-06-25',9,1,1),
(316,17,'0198','2016-02-08',6,1,1),
(317,2,'0070','2013-02-06',2,1,1),
(318,7,'0188','2006-09-07',3,1,1),
(319,6,'0009','2018-09-23',15,1,1),
(320,20,'0068','2021-06-23',11,1,1),
(321,24,'0024','2019-06-03',3,1,1),
(322,25,'0030','2013-05-02',5,0,1),
(323,18,'0109','2018-06-12',10,1,1),
(324,2,'0191','2009-11-30',3,1,1),
(325,16,'0075','2009-02-19',12,0,1),
(326,7,'0191','2006-08-01',7,0,1),
(327,3,'0104','2021-06-17',4,1,1),
(328,9,'0086','2019-02-10',11,1,1),
(329,13,'0199','2007-02-09',7,0,1),
(330,1,'0129','2008-03-13',12,0,1),
(331,13,'0189','2017-03-24',9,1,1),
(332,18,'0027','2015-01-20',4,0,1),
(333,16,'0077','2010-09-30',2,0,1),
(334,3,'0053','2008-07-26',3,1,1),
(335,1,'0044','2013-03-29',8,0,1),
(336,18,'0195','2015-11-24',2,1,1),
(337,18,'0062','2014-02-02',10,1,1),
(338,22,'0009','2006-11-06',11,0,1),
(339,7,'0047','2008-02-11',14,1,1),
(340,14,'0078','2014-02-25',5,0,1),
(341,14,'0177','2015-07-08',6,1,1),
(342,21,'0169','2014-02-14',15,1,1),
(343,20,'0126','2012-02-27',15,1,1),
(344,25,'0110','2012-06-01',5,1,1),
(345,24,'0110','2008-02-04',1,1,1),
(346,4,'0124','2006-08-27',5,0,1),
(347,8,'0039','2011-01-22',4,0,1),
(348,2,'0148','2018-07-23',8,1,1),
(349,4,'0084','2014-03-16',6,1,1),
(350,22,'0190','2011-03-01',4,1,1),
(351,3,'0079','2009-12-13',14,0,1),
(352,19,'0012','2013-01-19',2,1,0),
(353,7,'0197','2012-12-31',10,0,1),
(354,6,'0142','2017-02-21',11,0,1),
(355,22,'0048','2016-08-14',15,1,1),
(356,1,'0088','2021-07-08',1,1,1),
(357,20,'0079','2008-07-17',9,0,1),
(358,14,'0122','2014-10-30',5,1,1),
(359,12,'0044','2006-04-28',8,1,1),
(360,5,'0003','2015-10-09',13,0,1),
(361,14,'0139','2015-07-18',15,0,1),
(362,10,'0003','2009-03-27',6,1,1),
(363,24,'0059','2012-02-01',7,1,1),
(364,24,'0153','2010-02-06',12,1,1),
(365,4,'0164','2018-01-15',13,1,1),
(366,15,'0086','2013-07-10',2,0,1),
(367,2,'0110','2010-04-12',4,1,1),
(368,16,'0042','2007-08-16',14,0,1),
(369,19,'0026','2012-09-13',8,0,1),
(370,7,'0094','2018-10-11',13,0,1),
(371,7,'0139','2008-01-15',14,1,1),
(372,8,'0112','2017-09-15',2,1,1),
(373,17,'0025','2017-10-11',9,1,1),
(374,8,'0118','2017-11-30',9,1,1),
(375,1,'0127','2014-05-08',5,1,1),
(376,16,'0086','2008-01-28',6,0,1),
(377,21,'0198','2009-06-24',10,1,1),
(378,21,'0068','2006-03-03',15,0,1),
(379,25,'0093','2007-03-29',6,0,1),
(380,15,'0067','2019-11-10',5,1,1),
(381,25,'0030','2019-04-22',14,0,1),
(382,22,'0148','2012-02-14',3,0,1),
(383,25,'0097','2016-08-31',9,1,1),
(384,18,'0194','2006-04-27',1,1,1),
(385,16,'0018','2014-05-23',14,0,1),
(386,7,'0157','2007-01-22',15,1,0),
(387,18,'0103','2012-07-02',9,0,1),
(388,18,'0083','2008-01-22',10,0,1),
(389,11,'0097','2019-07-12',15,0,1),
(390,18,'0098','2014-11-17',2,1,1),
(391,23,'0001','2012-12-05',10,0,1),
(392,8,'0102','2006-09-11',8,0,1),
(393,20,'0200','2010-06-02',11,1,1),
(394,12,'0153','2007-05-15',14,0,1),
(395,18,'0059','2022-01-23',1,0,1),
(396,8,'0149','2014-04-02',15,1,1),
(397,6,'0013','2021-09-26',11,0,1),
(398,23,'0195','2012-08-26',2,1,1),
(399,13,'0168','2014-04-03',14,0,1),
(400,15,'0097','2009-11-11',5,0,1),
(401,21,'0080','2017-01-22',1,0,1),
(402,6,'0191','2008-06-30',7,0,1),
(403,9,'0129','2013-06-24',9,1,1),
(404,5,'0152','2014-04-18',15,0,1),
(405,7,'0122','2006-02-12',9,0,1),
(406,9,'0075','2012-09-25',10,0,1),
(407,20,'0171','2010-10-13',2,1,1),
(408,23,'0107','2017-09-26',6,1,1),
(409,25,'0020','2013-10-14',13,1,1),
(410,22,'0146','2013-09-06',12,1,1),
(411,11,'0066','2007-01-28',5,1,1),
(412,3,'0114','2012-05-21',12,0,1),
(413,11,'0014','2010-02-28',10,0,1),
(414,15,'0145','2019-03-16',7,0,1),
(415,19,'0181','2020-07-08',15,0,1),
(416,6,'0038','2015-10-26',11,1,1),
(417,4,'0195','2006-08-02',5,0,1),
(418,14,'0036','2019-09-07',6,1,1),
(419,1,'0150','2016-03-29',14,1,1),
(420,8,'0040','2018-09-26',3,1,1),
(421,9,'0199','2011-09-18',6,0,1),
(422,12,'0182','2021-04-18',3,1,1),
(423,14,'0030','2006-09-07',15,0,1),
(424,8,'0133','2020-03-16',9,1,1),
(425,19,'0115','2009-03-20',7,0,1),
(426,12,'0132','2013-03-14',15,1,1),
(427,20,'0010','2007-04-14',6,1,1),
(428,22,'0060','2015-05-03',8,1,1),
(429,20,'0177','2021-05-28',4,0,1),
(430,13,'0054','2017-12-30',9,1,1),
(431,24,'0198','2012-06-24',6,1,0),
(432,17,'0152','2009-01-11',6,1,1),
(433,5,'0008','2006-02-07',9,1,1),
(434,6,'0051','2013-08-08',2,0,1),
(435,10,'0140','2006-06-04',12,1,1),
(436,21,'0096','2017-10-02',5,0,1),
(437,2,'0092','2006-09-12',3,0,1),
(438,24,'0084','2007-03-18',12,1,1),
(439,14,'0157','2012-05-21',10,0,1),
(440,24,'0014','2012-10-28',14,1,1),
(441,8,'0159','2008-03-06',3,1,1),
(442,25,'0160','2007-09-16',4,1,1),
(443,24,'0086','2015-11-07',7,0,1),
(444,3,'0017','2020-05-01',14,1,1),
(445,4,'0038','2008-01-14',9,1,1),
(446,13,'0146','2013-06-28',9,0,1),
(447,15,'0060','2011-08-29',14,0,1),
(448,17,'0168','2022-03-07',15,1,1),
(449,2,'0080','2009-03-01',3,0,1),
(450,8,'0185','2011-08-07',4,0,1),
(451,12,'0199','2015-11-06',11,1,1),
(452,23,'0191','2013-03-18',2,0,1),
(453,3,'0017','2011-09-15',8,1,1),
(454,1,'0129','2007-02-27',9,0,1),
(455,10,'0102','2006-09-22',3,0,1),
(456,2,'0173','2020-06-30',14,1,1),
(457,18,'0031','2020-12-29',13,0,1),
(458,21,'0014','2010-06-16',13,1,1),
(459,20,'0156','2015-07-30',3,1,1),
(460,19,'0189','2009-04-06',13,1,1),
(461,9,'0150','2018-05-16',10,1,1),
(462,20,'0172','2018-03-19',7,1,1),
(463,10,'0049','2014-07-07',2,1,1),
(464,13,'0174','2008-02-17',10,1,1),
(465,2,'0172','2018-10-31',15,0,1),
(466,9,'0133','2017-08-31',1,0,1),
(467,16,'0165','2016-10-12',2,0,1),
(468,24,'0121','2007-11-09',11,0,1),
(469,1,'0108','2009-04-21',2,1,1),
(470,5,'0064','2006-02-25',1,1,1),
(471,23,'0164','2015-02-28',2,1,1),
(472,5,'0148','2014-10-28',15,0,1),
(473,2,'0166','2021-12-05',7,1,1),
(474,18,'0167','2022-01-20',6,0,1),
(475,20,'0003','2020-01-18',7,0,1),
(476,19,'0147','2018-05-01',8,1,1),
(477,24,'0147','2007-06-22',9,1,1),
(478,1,'0052','2021-10-14',1,1,1),
(479,3,'0063','2021-10-11',4,0,1),
(480,15,'0167','2007-11-30',13,1,1),
(481,13,'0125','2019-12-02',8,0,1),
(482,8,'0129','2017-11-25',8,1,1),
(483,20,'0120','2018-09-24',14,0,1),
(484,21,'0074','2007-05-30',9,0,1),
(485,14,'0135','2021-04-23',9,0,1),
(486,25,'0016','2012-04-19',9,0,1),
(487,21,'0156','2014-06-14',11,1,1),
(488,5,'0138','2008-07-28',4,0,1),
(489,17,'0128','2010-05-14',15,0,1),
(490,7,'0035','2016-10-12',6,1,1),
(491,5,'0057','2005-12-06',2,1,1),
(492,12,'0060','2015-01-13',12,1,1),
(493,2,'0110','2016-09-28',11,0,1),
(494,14,'0129','2007-01-19',13,0,1),
(495,20,'0093','2015-06-27',4,1,1),
(496,7,'0026','2011-11-19',6,0,1),
(497,12,'0118','2007-08-15',15,1,1),
(498,7,'0110','2009-08-31',3,1,1),
(499,22,'0182','2007-12-13',9,0,1),
(500,18,'0178','2013-06-19',9,0,1),
(501,7,'0075','2022-09-19',6,1,0),
(502,16,'0055','2023-06-19',7,0,0),
(503,15,'0143','2022-10-31',15,0,0),
(504,21,'0023','2023-03-16',15,0,0),
(505,18,'0052','2023-06-29',9,0,0),
(506,13,'0013','2022-11-20',9,1,0),
(507,5,'0025','2022-07-10',1,1,0),
(508,10,'0156','2023-03-21',3,1,0),
(509,21,'0054','2022-11-11',6,1,0),
(510,15,'0072','2022-07-23',9,1,0),
(511,14,'0088','2022-09-17',13,0,0),
(512,9,'0175','2022-10-26',11,0,0),
(513,13,'0154','2023-01-12',1,0,0),
(514,11,'0070','2022-09-04',10,1,0),
(515,8,'0196','2022-07-31',8,0,0),
(516,21,'0112','2022-08-14',10,0,0),
(517,24,'0156','2022-12-16',9,1,0),
(518,18,'0119','2022-10-14',3,0,0),
(519,15,'0046','2022-04-10',5,1,0),
(520,12,'0198','2022-12-17',15,0,0),
(521,6,'0144','2022-07-14',8,1,0),
(522,18,'0032','2022-08-09',7,0,0),
(523,10,'0120','2023-04-07',4,0,0),
(524,3,'0053','2023-04-12',12,1,0),
(525,20,'0038','2022-10-21',7,0,0),
(526,3,'0123','2023-05-08',4,0,0),
(527,23,'0030','2023-08-01',15,0,0),
(528,12,'0063','2023-02-20',15,0,0),
(529,5,'0161','2022-12-19',9,0,0),
(530,22,'0005','2023-08-03',11,1,0),
(531,1,'0135','2023-05-03',3,1,0),
(532,10,'0147','2022-06-14',10,1,0),
(533,1,'0192','2022-12-02',13,1,0),
(534,9,'0153','2023-02-15',5,1,0),
(535,10,'0053','2022-06-10',7,0,0),
(536,9,'0070','2022-05-06',2,0,0),
(537,7,'0107','2022-11-15',10,0,0),
(538,14,'0119','2023-03-31',10,0,0),
(539,18,'0141','2022-04-30',6,0,0),
(540,20,'0049','2022-05-04',10,1,0),
(541,9,'0043','2023-05-25',11,0,0),
(542,22,'0104','2023-05-08',13,0,0),
(543,19,'0017','2023-04-22',8,0,0),
(544,18,'0163','2022-10-08',13,0,0),
(545,22,'0124','2022-12-01',5,0,0),
(546,20,'0063','2022-06-12',3,1,0),
(547,25,'0187','2022-10-28',10,0,0),
(548,21,'0013','2023-06-20',12,1,0),
(549,6,'0186','2023-02-21',15,1,0),
(550,11,'0120','2023-01-19',1,0,0),
(551,3,'0075','2022-12-19',7,1,0),
(552,20,'0123','2022-12-23',6,0,0),
(553,6,'0121','2022-12-27',13,1,0),
(554,4,'0174','2022-06-21',1,0,0),
(555,12,'0199','2022-05-04',2,1,0),
(556,2,'0023','2022-09-21',3,1,0),
(557,2,'0198','2022-12-13',5,1,0),
(558,19,'0025','2022-10-21',7,1,0),
(559,7,'0194','2023-05-17',3,0,0),
(560,20,'0049','2022-05-25',12,1,0),
(561,2,'0089','2023-01-18',12,0,0),
(562,22,'0054','2023-07-25',3,0,0),
(563,11,'0188','2022-08-08',10,0,0),
(564,24,'0018','2022-12-26',5,0,0),
(565,5,'0154','2022-10-06',4,0,0),
(566,5,'0198','2022-08-03',14,0,0),
(567,16,'0077','2023-01-16',1,0,0),
(568,6,'0064','2022-12-16',14,1,0),
(569,11,'0084','2023-06-11',6,1,0),
(570,15,'0084','2023-08-08',11,0,0),
(571,7,'0200','2023-02-06',5,1,0),
(572,12,'0192','2023-07-13',12,1,0),
(573,1,'0047','2022-08-08',1,0,0),
(574,22,'0091','2023-02-01',7,1,0),
(575,12,'0013','2022-10-03',2,1,0),
(576,20,'0128','2022-12-04',6,0,0),
(577,7,'0069','2022-05-26',12,1,0),
(578,4,'0092','2023-06-03',3,0,0),
(579,21,'0174','2022-05-23',4,0,0),
(580,1,'0074','2022-11-23',3,1,0),
(581,19,'0177','2022-09-04',13,0,0),
(582,15,'0183','2023-04-23',3,1,0),
(583,13,'0130','2022-04-28',7,0,0),
(584,2,'0100','2023-07-11',1,1,0),
(585,25,'0045','2022-06-19',4,0,0),
(586,20,'0114','2022-10-19',11,0,0),
(587,5,'0018','2023-05-07',7,1,0),
(588,22,'0128','2022-07-27',7,0,0),
(589,24,'0101','2023-05-11',10,1,0),
(590,11,'0154','2023-06-26',5,0,0),
(591,25,'0051','2023-05-07',6,0,0),
(592,18,'0034','2022-12-27',13,0,0),
(593,1,'0030','2023-01-30',5,1,0),
(594,20,'0183','2023-07-30',4,1,0),
(595,24,'0096','2022-07-25',12,0,0),
(596,13,'0046','2023-01-17',10,1,0),
(597,24,'0020','2022-10-21',12,1,0),
(598,23,'0115','2023-08-02',2,1,0),
(599,22,'0130','2023-08-08',10,1,0);
/*!40000 ALTER TABLE `pedidos` ENABLE KEYS */;
UNLOCK TABLES;
/*!40103 SET TIME_ZONE=@OLD_TIME_ZONE */;

/*!40101 SET SQL_MODE=@OLD_SQL_MODE */;
/*!40014 SET FOREIGN_KEY_CHECKS=@OLD_FOREIGN_KEY_CHECKS */;
/*!40014 SET UNIQUE_CHECKS=@OLD_UNIQUE_CHECKS */;
/*!40101 SET CHARACTER_SET_CLIENT=@OLD_CHARACTER_SET_CLIENT */;
/*!40101 SET CHARACTER_SET_RESULTS=@OLD_CHARACTER_SET_RESULTS */;
/*!40101 SET COLLATION_CONNECTION=@OLD_COLLATION_CONNECTION */;
/*!40111 SET SQL_NOTES=@OLD_SQL_NOTES */;
